[22:07:55] [ServerMain/INFO]: [bootstrap] Running Java 21 (OpenJDK 64-Bit Server VM 21.0.10+7-Ubuntu-124.04; Ubuntu null) on Linux 6.8.0-1030-azure (amd64)
[22:07:55] [ServerMain/INFO]: [bootstrap] Loading Pluto 1.21.4-37-HEAD@412ab86 (2025-06-29T17:29:59Z) for Minecraft 1.21.4
[22:07:55] [ServerMain/INFO]: [PluginInitializerManager] Initializing plugins...
[22:07:58] [ServerMain/INFO]: [PluginInitializerManager] Initialized 54 plugins
[22:07:58] [ServerMain/INFO]: [PluginInitializerManager] Paper plugins (6):
 - BlueSlimeCore (2.9.8.504), FancyHolograms (2.9.1), FancyNpcs (2.9.1), HuskHomes (4.9.10), Nexo (1.18), Worlds (3.12.2-mc1.21.4)
[22:07:58] [ServerMain/INFO]: [PluginInitializerManager] Bukkit plugins (48):
 - AxAFKZone (1.9.0), AxGraves (1.26.0), AxKoth (2.13.3), AxQuestBoard (1.14.2), AxTrade (1.21.2), AxVaults (2.12.0), BetterHud (1.14.2-SNAPSHOT-441), BetterRTP (3.6.13), BetterRTPAddons (1.8.10), BetterView (2.1.2), ChatManager (4.0.3), Chunker (1.21), CustomFishing (2.3.20), CustomNameplates (3.0.36), EcoEnchants (12.23.1), EcoJobs (3.74.1), FastAsyncWorldEdit (2.15.0+59372c5), FreedomChat (1.7.2), GSit (3.2.0), HMCCosmetics (2.8.2), HibiscusCommons (0.8.2), InteractionVisualizer (1.18.19.0), LagFixer (1.5.1.9 [build 140]), LibsDisguises (11.0.14), LuckPerms (5.5.17), MCPets (4.1.5-SNAPSHOT), MMOCore (1.13.1-SNAPSHOT), MMOItems (6.10.1-SNAPSHOT), ModelEngine (R4.0.9), MythicLib (1.7.1-SNAPSHOT), MythicMobs (5.11.1-de409cac), PhoenixCrates (4.2.3), PlaceholderAPI (2.11.7), ProtocolLib (5.4.0), ShopGUIPlus (1.112.0), ShopGUIPlus-DynaShop (1.7.0), SkinsRestorer (15.10.0), TAB (5.5.0), UltimateClans (8.2.1), Vault (1.7.3-b131), Vulcan (2.9.7.12), WorldGuard (7.0.13+82fdc65), XConomy (2.26.3), eco (6.76.2), packetevents (2.11.2), voicechat (2.6.11), zAuctionHouseV3 (3.2.2.9), zMenu (1.0.3.7)
[22:08:03] [ServerMain/INFO]: Environment: Environment[sessionHost=https://sessionserver.mojang.com, servicesHost=https://api.minecraftservices.com, name=PROD]
[22:08:07] [ServerMain/INFO]: Loaded 1376 recipes
[22:08:07] [ServerMain/INFO]: Loaded 1538 advancements
[22:08:07] [ServerMain/INFO]: [MCTypeRegistry] Initialising converters for DataConverter...
[22:08:07] [ServerMain/INFO]: [MCTypeRegistry] Finished initialising converters for DataConverter in 346.3ms
[22:08:07] [Server thread/INFO]: Starting minecraft server version 1.21.4
[22:08:07] [Server thread/INFO]: Loading properties
[22:08:07] [Server thread/INFO]: This server is running Pluto version 1.21.4-37-HEAD@412ab86 (2025-06-29T17:29:59Z) (Implementing API version 1.21.4-R0.1-SNAPSHOT)
[22:08:08] [Server thread/INFO]: [spark] This server bundles the spark profiler. For more information please visit https://docs.papermc.io/paper/profiling
[22:08:08] [Server thread/INFO]: Server Ping Player Sample Count: 12
[22:08:08] [Server thread/INFO]: Using 4 threads for Netty based IO
[22:08:08] [Server thread/INFO]: [MoonriseCommon] Paper is using 4 worker threads, 4 I/O threads
[22:08:08] [Server thread/INFO]: [ChunkTaskScheduler] Chunk system is using population gen parallelism: true
[22:08:08] [Server thread/WARN]: [Pufferfish] SIMD operations are available for your server, but are not configured!
[22:08:08] [Server thread/WARN]: [Pufferfish] To enable additional optimizations, add "--add-modules=jdk.incubator.vector" to your startup flags, BEFORE the "-jar".
[22:08:08] [Server thread/WARN]: [Pufferfish] If you have already added this flag, then SIMD operations are not supported on your JVM or CPU.
[22:08:08] [Server thread/WARN]: [Pufferfish] Debug: Java: 21.0.10, test run: true
[22:08:08] [Server thread/INFO]: Default game type: SURVIVAL
[22:08:08] [Server thread/INFO]: Generating keypair
[22:08:08] [Server thread/INFO]: Starting Minecraft server on *:25565
[22:08:08] [Server thread/INFO]: Using epoll channel type
[22:08:08] [Server thread/INFO]: Paper: Using libdeflate (Linux x86_64) compression from Velocity.
[22:08:08] [Server thread/INFO]: Paper: Using OpenSSL 3.x.x (Linux x86_64) cipher from Velocity.
[22:08:08] [Server thread/INFO]: [SpigotLibraryLoader] [MythicMobs] Loading 4 libraries... please wait
[22:08:09] [Server thread/INFO]: [SpigotLibraryLoader] [MythicMobs] Loaded library /workspaces/fantastic-winner/servidor_minecraft/libraries/net/kyori/adventure-api/4.16.0/adventure-api-4.16.0.jar
[22:08:09] [Server thread/INFO]: [SpigotLibraryLoader] [MythicMobs] Loaded library /workspaces/fantastic-winner/servidor_minecraft/libraries/net/kyori/adventure-key/4.16.0/adventure-key-4.16.0.jar
[22:08:09] [Server thread/INFO]: [SpigotLibraryLoader] [MythicMobs] Loaded library /workspaces/fantastic-winner/servidor_minecraft/libraries/net/kyori/examination-api/1.3.0/examination-api-1.3.0.jar
[22:08:09] [Server thread/INFO]: [SpigotLibraryLoader] [MythicMobs] Loaded library /workspaces/fantastic-winner/servidor_minecraft/libraries/net/kyori/examination-string/1.3.0/examination-string-1.3.0.jar
[22:08:09] [Server thread/INFO]: [SpigotLibraryLoader] [MythicMobs] Loaded library /workspaces/fantastic-winner/servidor_minecraft/libraries/org/jetbrains/annotations/24.1.0/annotations-24.1.0.jar
[22:08:09] [Server thread/INFO]: [SpigotLibraryLoader] [MythicMobs] Loaded library /workspaces/fantastic-winner/servidor_minecraft/libraries/net/kyori/adventure-platform-bukkit/4.3.2/adventure-platform-bukkit-4.3.2.jar
[22:08:09] [Server thread/INFO]: [SpigotLibraryLoader] [MythicMobs] Loaded library /workspaces/fantastic-winner/servidor_minecraft/libraries/net/kyori/adventure-platform-api/4.3.2/adventure-platform-api-4.3.2.jar
[22:08:09] [Server thread/INFO]: [SpigotLibraryLoader] [MythicMobs] Loaded library /workspaces/fantastic-winner/servidor_minecraft/libraries/net/kyori/adventure-text-serializer-bungeecord/4.3.2/adventure-text-serializer-bungeecord-4.3.2.jar
[22:08:09] [Server thread/INFO]: [SpigotLibraryLoader] [MythicMobs] Loaded library /workspaces/fantastic-winner/servidor_minecraft/libraries/net/kyori/adventure-text-serializer-legacy/4.13.1/adventure-text-serializer-legacy-4.13.1.jar
[22:08:09] [Server thread/INFO]: [SpigotLibraryLoader] [MythicMobs] Loaded library /workspaces/fantastic-winner/servidor_minecraft/libraries/net/kyori/adventure-nbt/4.13.1/adventure-nbt-4.13.1.jar
[22:08:09] [Server thread/INFO]: [SpigotLibraryLoader] [MythicMobs] Loaded library /workspaces/fantastic-winner/servidor_minecraft/libraries/net/kyori/adventure-text-serializer-gson-legacy-impl/4.13.1/adventure-text-serializer-gson-legacy-impl-4.13.1.jar
[22:08:09] [Server thread/INFO]: [SpigotLibraryLoader] [MythicMobs] Loaded library /workspaces/fantastic-winner/servidor_minecraft/libraries/net/kyori/adventure-platform-facet/4.3.2/adventure-platform-facet-4.3.2.jar
[22:08:09] [Server thread/INFO]: [SpigotLibraryLoader] [MythicMobs] Loaded library /workspaces/fantastic-winner/servidor_minecraft/libraries/net/kyori/adventure-platform-viaversion/4.3.2/adventure-platform-viaversion-4.3.2.jar
[22:08:09] [Server thread/INFO]: [SpigotLibraryLoader] [MythicMobs] Loaded library /workspaces/fantastic-winner/servidor_minecraft/libraries/net/kyori/adventure-text-minimessage/4.16.0/adventure-text-minimessage-4.16.0.jar
[22:08:09] [Server thread/INFO]: [SpigotLibraryLoader] [MythicMobs] Loaded library /workspaces/fantastic-winner/servidor_minecraft/libraries/net/kyori/adventure-text-serializer-gson/4.16.0/adventure-text-serializer-gson-4.16.0.jar
[22:08:09] [Server thread/INFO]: [SpigotLibraryLoader] [MythicMobs] Loaded library /workspaces/fantastic-winner/servidor_minecraft/libraries/net/kyori/adventure-text-serializer-json/4.16.0/adventure-text-serializer-json-4.16.0.jar
[22:08:09] [Server thread/INFO]: [SpigotLibraryLoader] [MythicMobs] Loaded library /workspaces/fantastic-winner/servidor_minecraft/libraries/net/kyori/option/1.0.0/option-1.0.0.jar
[22:08:09] [Server thread/INFO]: [SpigotLibraryLoader] [MythicMobs] Loaded library /workspaces/fantastic-winner/servidor_minecraft/libraries/com/google/code/gson/gson/2.8.0/gson-2.8.0.jar
[22:08:09] [Server thread/INFO]: [SpigotLibraryLoader] [ModelEngine] Loading 3 libraries... please wait
[22:08:09] [Server thread/INFO]: [SpigotLibraryLoader] [ModelEngine] Loaded library /workspaces/fantastic-winner/servidor_minecraft/libraries/net/kyori/adventure-api/4.14.0/adventure-api-4.14.0.jar
[22:08:09] [Server thread/INFO]: [SpigotLibraryLoader] [ModelEngine] Loaded library /workspaces/fantastic-winner/servidor_minecraft/libraries/net/kyori/adventure-key/4.14.0/adventure-key-4.14.0.jar
[22:08:09] [Server thread/INFO]: [SpigotLibraryLoader] [ModelEngine] Loaded library /workspaces/fantastic-winner/servidor_minecraft/libraries/net/kyori/examination-api/1.3.0/examination-api-1.3.0.jar
[22:08:09] [Server thread/INFO]: [SpigotLibraryLoader] [ModelEngine] Loaded library /workspaces/fantastic-winner/servidor_minecraft/libraries/net/kyori/examination-string/1.3.0/examination-string-1.3.0.jar
[22:08:09] [Server thread/INFO]: [SpigotLibraryLoader] [ModelEngine] Loaded library /workspaces/fantastic-winner/servidor_minecraft/libraries/org/jetbrains/annotations/24.0.1/annotations-24.0.1.jar
[22:08:09] [Server thread/INFO]: [SpigotLibraryLoader] [ModelEngine] Loaded library /workspaces/fantastic-winner/servidor_minecraft/libraries/net/kyori/adventure-text-serializer-gson/4.14.0/adventure-text-serializer-gson-4.14.0.jar
[22:08:09] [Server thread/INFO]: [SpigotLibraryLoader] [ModelEngine] Loaded library /workspaces/fantastic-winner/servidor_minecraft/libraries/net/kyori/adventure-text-serializer-json/4.14.0/adventure-text-serializer-json-4.14.0.jar
[22:08:09] [Server thread/INFO]: [SpigotLibraryLoader] [ModelEngine] Loaded library /workspaces/fantastic-winner/servidor_minecraft/libraries/com/google/code/gson/gson/2.8.0/gson-2.8.0.jar
[22:08:09] [Server thread/INFO]: [SpigotLibraryLoader] [ModelEngine] Loaded library /workspaces/fantastic-winner/servidor_minecraft/libraries/net/kyori/adventure-text-serializer-bungeecord/4.3.0/adventure-text-serializer-bungeecord-4.3.0.jar
[22:08:09] [Server thread/INFO]: [SpigotLibraryLoader] [ModelEngine] Loaded library /workspaces/fantastic-winner/servidor_minecraft/libraries/net/kyori/adventure-text-serializer-legacy/4.13.0/adventure-text-serializer-legacy-4.13.0.jar
[22:08:09] [Server thread/INFO]: [eco] Initializing eco
[22:08:10] [Server thread/INFO]: [SpigotLibraryLoader] [AxKoth] Loading 1 libraries... please wait
[22:08:10] [Server thread/INFO]: [SpigotLibraryLoader] [AxKoth] Loaded library /workspaces/fantastic-winner/servidor_minecraft/libraries/club/minnced/discord-webhooks/0.8.4/discord-webhooks-0.8.4.jar
[22:08:10] [Server thread/INFO]: [SpigotLibraryLoader] [AxKoth] Loaded library /workspaces/fantastic-winner/servidor_minecraft/libraries/org/slf4j/slf4j-api/1.7.32/slf4j-api-1.7.32.jar
[22:08:10] [Server thread/INFO]: [SpigotLibraryLoader] [AxKoth] Loaded library /workspaces/fantastic-winner/servidor_minecraft/libraries/com/squareup/okhttp3/okhttp/4.10.0/okhttp-4.10.0.jar
[22:08:10] [Server thread/INFO]: [SpigotLibraryLoader] [AxKoth] Loaded library /workspaces/fantastic-winner/servidor_minecraft/libraries/com/squareup/okio/okio-jvm/3.0.0/okio-jvm-3.0.0.jar
[22:08:10] [Server thread/INFO]: [SpigotLibraryLoader] [AxKoth] Loaded library /workspaces/fantastic-winner/servidor_minecraft/libraries/org/jetbrains/kotlin/kotlin-stdlib-jdk8/1.5.31/kotlin-stdlib-jdk8-1.5.31.jar
[22:08:10] [Server thread/INFO]: [SpigotLibraryLoader] [AxKoth] Loaded library /workspaces/fantastic-winner/servidor_minecraft/libraries/org/jetbrains/kotlin/kotlin-stdlib-jdk7/1.5.31/kotlin-stdlib-jdk7-1.5.31.jar
[22:08:10] [Server thread/INFO]: [SpigotLibraryLoader] [AxKoth] Loaded library /workspaces/fantastic-winner/servidor_minecraft/libraries/org/jetbrains/kotlin/kotlin-stdlib-common/1.5.31/kotlin-stdlib-common-1.5.31.jar
[22:08:10] [Server thread/INFO]: [SpigotLibraryLoader] [AxKoth] Loaded library /workspaces/fantastic-winner/servidor_minecraft/libraries/org/jetbrains/kotlin/kotlin-stdlib/1.6.20/kotlin-stdlib-1.6.20.jar
[22:08:10] [Server thread/INFO]: [SpigotLibraryLoader] [AxKoth] Loaded library /workspaces/fantastic-winner/servidor_minecraft/libraries/org/jetbrains/annotations/13.0/annotations-13.0.jar
[22:08:10] [Server thread/INFO]: [SpigotLibraryLoader] [AxKoth] Loaded library /workspaces/fantastic-winner/servidor_minecraft/libraries/org/json/json/20230618/json-20230618.jar
[22:08:11] [Server thread/INFO]: [SpigotLibraryLoader] [HibiscusCommons] Loading 1 libraries... please wait
[22:08:11] [Server thread/INFO]: [SpigotLibraryLoader] [HibiscusCommons] Loaded library /workspaces/fantastic-winner/servidor_minecraft/libraries/org/apache/commons/commons-lang3/3.17.0/commons-lang3-3.17.0.jar
[22:08:11] [Server thread/INFO]: [EcoJobs] Initializing EcoJobs
[22:08:15] [Server thread/INFO]: [EcoEnchants] Initializing EcoEnchants
[22:08:15] [Server thread/INFO]: [SpigotLibraryLoader] [XConomy] Loading 1 libraries... please wait
[22:08:15] [Server thread/INFO]: [SpigotLibraryLoader] [XConomy] Loaded library /workspaces/fantastic-winner/servidor_minecraft/libraries/redis/clients/jedis/4.3.1/jedis-4.3.1.jar
[22:08:15] [Server thread/INFO]: [SpigotLibraryLoader] [XConomy] Loaded library /workspaces/fantastic-winner/servidor_minecraft/libraries/org/slf4j/slf4j-api/1.7.36/slf4j-api-1.7.36.jar
[22:08:15] [Server thread/INFO]: [SpigotLibraryLoader] [XConomy] Loaded library /workspaces/fantastic-winner/servidor_minecraft/libraries/org/apache/commons/commons-pool2/2.11.1/commons-pool2-2.11.1.jar
[22:08:15] [Server thread/INFO]: [SpigotLibraryLoader] [XConomy] Loaded library /workspaces/fantastic-winner/servidor_minecraft/libraries/org/json/json/20220320/json-20220320.jar
[22:08:15] [Server thread/INFO]: [SpigotLibraryLoader] [XConomy] Loaded library /workspaces/fantastic-winner/servidor_minecraft/libraries/com/google/code/gson/gson/2.8.9/gson-2.8.9.jar
[22:08:15] [Server thread/INFO]: [SpigotLibraryLoader] [LagFixer] Loading 1 libraries... please wait
[22:08:15] [Server thread/INFO]: [SpigotLibraryLoader] [LagFixer] Loaded library /workspaces/fantastic-winner/servidor_minecraft/libraries/com/github/oshi/oshi-core/6.9.1/oshi-core-6.9.1.jar
[22:08:15] [Server thread/INFO]: [SpigotLibraryLoader] [LagFixer] Loaded library /workspaces/fantastic-winner/servidor_minecraft/libraries/net/java/dev/jna/jna/5.18.1/jna-5.18.1.jar
[22:08:15] [Server thread/INFO]: [SpigotLibraryLoader] [LagFixer] Loaded library /workspaces/fantastic-winner/servidor_minecraft/libraries/net/java/dev/jna/jna-platform/5.18.1/jna-platform-5.18.1.jar
[22:08:15] [Server thread/INFO]: [SpigotLibraryLoader] [LagFixer] Loaded library /workspaces/fantastic-winner/servidor_minecraft/libraries/org/slf4j/slf4j-api/2.0.17/slf4j-api-2.0.17.jar
[22:08:16] [Server thread/INFO]: [SpigotLibraryLoader] [BetterView] Loading 1 libraries... please wait
[22:08:16] [Server thread/INFO]: [SpigotLibraryLoader] [BetterView] Loaded library /workspaces/fantastic-winner/servidor_minecraft/libraries/com/github/ben-manes/caffeine/caffeine/3.2.0/caffeine-3.2.0.jar
[22:08:16] [Server thread/INFO]: [SpigotLibraryLoader] [BetterView] Loaded library /workspaces/fantastic-winner/servidor_minecraft/libraries/org/jspecify/jspecify/1.0.0/jspecify-1.0.0.jar
[22:08:16] [Server thread/INFO]: [SpigotLibraryLoader] [BetterView] Loaded library /workspaces/fantastic-winner/servidor_minecraft/libraries/com/google/errorprone/error_prone_annotations/2.36.0/error_prone_annotations-2.36.0.jar
[22:08:16] [Server thread/INFO]: [LuckPerms] Loading server plugin LuckPerms v5.5.17
[22:08:17] [Server thread/INFO]: [LuckPerms] Loading configuration...
[22:08:17] [Server thread/INFO]: [Vault] Loading server plugin Vault v1.7.3-b131
[22:08:17] [Server thread/INFO]: [Blue Slime Core] Loading server plugin BlueSlimeCore v2.9.8.504
[22:08:17] [Server thread/INFO]: [ProtocolLib] Loading server plugin ProtocolLib v5.4.0
[22:08:17] [Server thread/INFO]: [FastAsyncWorldEdit] Loading server plugin FastAsyncWorldEdit v2.15.0+59372c5
[22:08:18] [Server thread/INFO]: Got request to register class com.sk89q.worldedit.bukkit.BukkitServerInterface with WorldEdit [com.sk89q.worldedit.extension.platform.PlatformManager@1731ca1d]
[22:08:18] [Server thread/INFO]: [PlaceholderAPI] Loading server plugin PlaceholderAPI v2.11.7
[22:08:18] [Server thread/INFO]: [packetevents] Loading server plugin packetevents v2.11.2
[22:08:20] [Server thread/INFO]: [WorldGuard] Loading server plugin WorldGuard v7.0.13+82fdc65
[22:08:20] [Server thread/INFO]: [LibsDisguises] Loading server plugin LibsDisguises v11.0.14
[22:08:20] [Server thread/INFO]: [MythicMobs] Loading server plugin MythicMobs v5.11.1-de409cac
[22:08:20] [Server thread/INFO]: [LumineUtils] (io.lumine.mythic.bukkit.utils.) is bound to plugin MythicMobs - io.lumine.mythic.bukkit.MythicBukkit
[22:08:20] [Server thread/INFO]: [MythicMobs] §x§f§f§0§0§0§0M§x§f§f§6§6§0§0y§x§f§f§c§c§0§0t§x§c§b§f§f§0§0h§x§6§5§f§f§0§0i§x§0§0§f§f§0§0c§x§0§0§f§f§6§6 §x§0§0§f§f§c§bE§x§0§0§c§b§f§fn§x§0§0§6§5§f§fa§x§0§0§0§0§f§fb§x§6§6§0§0§f§fl§x§c§c§0§0§f§fe§x§f§f§0§0§c§cd§x§f§f§0§0§6§6!
[22:08:20] [Server thread/INFO]: [MythicLib] Loading server plugin MythicLib v1.7.1-SNAPSHOT
[22:08:20] [Server thread/INFO]: [MythicLib] Plugin file is called 'MythicLib-dist-1.7.1.jar'
[22:08:20] [Server thread/INFO]: [MythicLib] Detected Bukkit Version: v1_21_R3
[22:08:20] [Server thread/INFO]: [MythicLib] Hooked onto WorldGuard
[22:08:20] [Server thread/INFO]: [GSit] Loading server plugin GSit v3.2.0
[22:08:21] [Server thread/INFO]: [MMOCore] Loading server plugin MMOCore v1.13.1-SNAPSHOT
[22:08:21] [Server thread/INFO]: [MMOCore] Plugin file is called 'MMOCore-1.13.1-SNAPSHOT.jar'
[22:08:21] [Server thread/INFO]: [FancyNpcs] Loading server plugin FancyNpcs v2.9.1
[22:08:21] [Server thread/INFO]: [SkinsRestorer] Loading server plugin SkinsRestorer v15.10.0
[22:08:21] [Server thread/INFO]: [ModelEngine] Loading server plugin ModelEngine vR4.0.9
[22:08:21] [Server thread/INFO]: [Vulcan] Loading server plugin Vulcan v2.9.7.12
[22:08:21] [Server thread/INFO]: [MMOItems] Loading server plugin MMOItems v6.10.1-SNAPSHOT
[22:08:21] [Server thread/INFO]: [MMOItems] Plugin file is called 'MMOItems-6.10.1-SNAPSHOT.jar'
[22:08:21] [Server thread/INFO]: [MMOItems] Hooked onto WorldEdit
[22:08:21] [Server thread/INFO]: [MMOItems Template Modifiers] Preloading template modifiers, please wait..
[22:08:21] [Server thread/INFO]: [MMOItems Item Templates] Preloading item templates, please wait..
[22:08:21] [Server thread/INFO]: [MMOItems] Hooked onto MythicMobs
[22:08:21] [Server thread/INFO]: [TAB] Loading server plugin TAB v5.5.0
[22:08:21] [Server thread/INFO]: [FancyHolograms] Loading server plugin FancyHolograms v2.9.1
[22:08:21] [Server thread/INFO]: [UltimateClans] Loading server plugin UltimateClans v8.2.1
[22:08:21] [FancyLogger/INFO]: [FancyHolograms] (Server thread) INFO: Successfully loaded FancyHolograms version 2.9.1
[22:08:21] [Server thread/INFO]: [UltimateClans] Loading library EConfig
[22:08:21] [Server thread/INFO]: [UltimateClans] Loading library HikariCP
[22:08:21] [Server thread/INFO]: [UltimateClans] Loading library jedis
[22:08:21] [Server thread/INFO]: [UltimateClans] Loading library EvalEx
[22:08:21] [Server thread/INFO]: [UltimateClans] Loading library triumph-gui
[22:08:21] [Server thread/INFO]: [UltimateClans] Loading library anvilgui
[22:08:23] [Server thread/INFO]: [UltimateClans] Downloaded library https://repo.codemc.io/repository/maven-snapshots/net/wesjd/anvilgui/1.10.3-SNAPSHOT/anvilgui-1.10.3-20241024.152924-1.jar
[22:08:23] [Server thread/INFO]: [Nexo] Loading server plugin Nexo v1.18
[22:08:23] [Server thread/INFO]: [eco] Loading server plugin eco v6.76.2
[22:08:23] [Server thread/INFO]: [AxKoth] Loading server plugin AxKoth v2.13.3
[22:08:23] [Server thread/INFO]: [zMenu] Loading server plugin zMenu v1.0.3.7
[22:08:23] [Server thread/INFO]: [BetterHud] Loading server plugin BetterHud v1.14.2-SNAPSHOT-441
[22:08:23] [Server thread/INFO]: [HibiscusCommons] Loading server plugin HibiscusCommons v0.8.2
[22:08:23] [Server thread/INFO]: [ShopGUIPlus] Loading server plugin ShopGUIPlus v1.112.0
[22:08:23] [Server thread/INFO]: [EcoJobs] Loading server plugin EcoJobs v3.74.1
[22:08:23] [Server thread/INFO]: [libreforge] Initializing libreforge
[22:08:23] [Server thread/INFO]: [libreforge] Loading server plugin libreforge v4.76.1
[22:08:23] [Server thread/INFO]: [BetterRTP] Loading server plugin BetterRTP v3.6.13
[22:08:23] [Server thread/INFO]: [AxQuestBoard] Loading server plugin AxQuestBoard v1.14.2
[22:08:23] [Server thread/INFO]: [zAuctionHouseV3] Loading server plugin zAuctionHouseV3 v3.2.2.9
[22:08:23] [Server thread/INFO]: [FreedomChat] Loading server plugin FreedomChat v1.7.2
[22:08:23] [Server thread/INFO]: [HMCCosmetics] Loading server plugin HMCCosmetics v2.8.2
[22:08:23] [Server thread/INFO]: [DynaShop] Loading server plugin ShopGUIPlus-DynaShop v1.7.0
[22:08:23] [Server thread/INFO]: [MCPets] Loading server plugin MCPets v4.1.5-SNAPSHOT
[22:08:23] [Server thread/INFO]: [PlaceholderAPI] Successfully registered internal expansion: mcpets [1.0.0]
[22:08:23] [Server thread/WARN]: [MCPets] : ItemsAdder could not be found. custom items features won't be available.
[22:08:23] [Server thread/INFO]: [MCPets] : mcpets-dismount flag registered successfully !
[22:08:23] [Server thread/INFO]: [MCPets] : mcpets-despawn flag registered successfully !
[22:08:23] [Server thread/INFO]: [MCPets] : mcpets-dismount-flying flag registered successfully !
[22:08:23] [Server thread/INFO]: [MCPets] : mcpets-pet-player-damage flag registered successfully !
[22:08:23] [Server thread/INFO]: [EcoEnchants] Loading server plugin EcoEnchants v12.23.1
[22:08:24] [Server thread/ERROR]: [EcoEnchants] Error while running lifecycle task!
[22:08:24] [Server thread/ERROR]: [EcoEnchants] The plugin may not function properly
[22:08:24] [Server thread/WARN]: java.lang.ClassCastException: class kotlin.io.FileTreeWalk cannot be cast to class kotlin.sequences.Sequence (kotlin.io.FileTreeWalk is in unnamed module of loader 'eco-6.76.2-all.jar' @3330208f; kotlin.sequences.Sequence is in unnamed module of loader io.papermc.paper.plugin.entrypoint.classloader.BytecodeModifyingURLClassLoader @49b8e4d1)
[22:08:24] [Server thread/WARN]: 	at EcoEnchants v12.23.1-NzI4MQ==.jar//com.willfp.ecoenchants.libreforge.loader.LibreforgePlugin.doFetchConfigs(LibreforgePlugin.kt:194)
[22:08:24] [Server thread/WARN]: 	at EcoEnchants v12.23.1-NzI4MQ==.jar//com.willfp.ecoenchants.libreforge.loader.LibreforgePlugin.fetchConfigs(LibreforgePlugin.kt:181)
[22:08:24] [Server thread/WARN]: 	at EcoEnchants v12.23.1-NzI4MQ==.jar//com.willfp.ecoenchants.libreforge.loader.LibreforgePlugin.loadCategory(LibreforgePlugin.kt:94)
[22:08:24] [Server thread/WARN]: 	at EcoEnchants v12.23.1-NzI4MQ==.jar//com.willfp.ecoenchants.libreforge.loader.LibreforgePlugin._init_$lambda$2(LibreforgePlugin.kt:53)
[22:08:24] [Server thread/WARN]: 	at eco-6.76.2-all.jar//com.willfp.eco.core.EcoPlugin.handleLifecycle(EcoPlugin.java:745)
[22:08:24] [Server thread/WARN]: 	at eco-6.76.2-all.jar//com.willfp.eco.core.EcoPlugin.onLoad(EcoPlugin.java:540)
[22:08:24] [Server thread/WARN]: 	at io.papermc.paper.plugin.storage.ServerPluginProviderStorage.processProvided(ServerPluginProviderStorage.java:59)
[22:08:24] [Server thread/WARN]: 	at io.papermc.paper.plugin.storage.ServerPluginProviderStorage.processProvided(ServerPluginProviderStorage.java:18)
[22:08:24] [Server thread/WARN]: 	at io.papermc.paper.plugin.storage.SimpleProviderStorage.enter(SimpleProviderStorage.java:39)
[22:08:24] [Server thread/WARN]: 	at io.papermc.paper.plugin.entrypoint.LaunchEntryPointHandler.enter(LaunchEntryPointHandler.java:39)
[22:08:24] [Server thread/WARN]: 	at org.bukkit.craftbukkit.CraftServer.loadPlugins(CraftServer.java:564)
[22:08:24] [Server thread/WARN]: 	at net.minecraft.server.dedicated.DedicatedServer.initServer(DedicatedServer.java:280)
[22:08:24] [Server thread/WARN]: 	at net.minecraft.server.MinecraftServer.runServer(MinecraftServer.java:1164)
[22:08:24] [Server thread/WARN]: 	at net.minecraft.server.MinecraftServer.lambda$spin$2(MinecraftServer.java:311)
[22:08:24] [Server thread/WARN]: 	at java.base/java.lang.Thread.run(Thread.java:1583)
[22:08:24] [Server thread/INFO]: [CustomNameplates] Loading server plugin CustomNameplates v3.0.36
[22:08:24] [Server thread/INFO]: [CustomFishing] Loading server plugin CustomFishing v2.3.20
[22:08:24] [Server thread/INFO]: [XConomy] Loading server plugin XConomy v2.26.3
[22:08:24] [Server thread/INFO]: [AxGraves] Loading server plugin AxGraves v1.26.0
[22:08:24] [Server thread/INFO]: [voicechat] Loading server plugin voicechat v2.6.11
[22:08:24] [Server thread/INFO]: [Chunker] Loading server plugin Chunker v1.21
[22:08:24] [Server thread/INFO]: [AxVaults] Loading server plugin AxVaults v2.12.0
[22:08:24] [Server thread/INFO]: [[38;5;11m⚡[0m] Loading server plugin LagFixer v1.5.1.9 [build 140]
[22:08:24] [Server thread/INFO]: [BetterView] Loading server plugin BetterView v2.1.2
[22:08:24] [Server thread/INFO]: [HuskHomes] Loading server plugin HuskHomes v4.9.10
[22:08:24] [Server thread/INFO]: [HuskHomes] Registered 'on_load' hooks
[22:08:24] [Server thread/INFO]: [HuskHomes] Successfully loaded HuskHomes v4.9.10
[22:08:24] [Server thread/INFO]: [PhoenixCrates] Loading server plugin PhoenixCrates v4.2.3
[22:08:24] [Server thread/INFO]: [Worlds] Loading server plugin Worlds v3.12.2-mc1.21.4
[22:08:24] [Server thread/INFO]: [ChatManager] Loading server plugin ChatManager v4.0.3
[22:08:24] [Server thread/INFO]: [InteractionVisualizer] Loading server plugin InteractionVisualizer v1.18.19.0
[22:08:24] [Server thread/INFO]: [AxAFKZone] Loading server plugin AxAFKZone v1.9.0
[22:08:24] [Server thread/INFO]: [BetterRTPAddons] Loading server plugin BetterRTPAddons v1.8.10
[22:08:24] [Server thread/INFO]: [AxTrade] Loading server plugin AxTrade v1.21.2
[22:08:24] [Server thread/INFO]: Server permissions file permissions.yml is empty, ignoring it
[22:08:24] [Server thread/INFO]: [LuckPerms] Enabling LuckPerms v5.5.17
[22:08:24] [ForkJoinPool.commonPool-worker-1/INFO]: [Worlds] You are running the latest version of Worlds
[22:08:25] [Server thread/INFO]:         __    
[22:08:25] [Server thread/INFO]:   |    |__)   LuckPerms v5.5.17
[22:08:25] [Server thread/INFO]:   |___ |      Running on Bukkit - Pluto
[22:08:25] [Server thread/INFO]: 
[22:08:25] [Server thread/INFO]: [LuckPerms] Loading storage provider... [H2]
[22:08:26] [Server thread/INFO]: [LuckPerms] Loading internal permission managers...
[22:08:26] [Server thread/INFO]: [LuckPerms] Performing initial data load...
[22:08:26] [Server thread/INFO]: [LuckPerms] Successfully enabled. (took 1796ms)
[22:08:26] [Server thread/INFO]: [Vault] Enabling Vault v1.7.3-b131
[22:08:26] [Server thread/INFO]: [Vault] [Permission] SuperPermissions loaded as backup permission system.
[22:08:26] [Server thread/INFO]: [Vault] Enabled Version 1.7.3-b131
[22:08:26] [Server thread/INFO]: [LuckPerms] Registered Vault permission & chat hook.
[22:08:26] [Server thread/INFO]: [Blue Slime Core] Enabling BlueSlimeCore v2.9.8.504
[22:08:26] [Server thread/INFO]: [Blue Slime Core] Successfully loaded 3 language(s).
[22:08:26] [Server thread/INFO]: [Blue Slime Core] Detected server as regular SpigotMC/PaperMC (not Folia)
[22:08:26] [Server thread/INFO]: [ProtocolLib] Enabling ProtocolLib v5.4.0
[22:08:26] [Server thread/INFO]: [FastAsyncWorldEdit] Enabling FastAsyncWorldEdit v2.15.0+59372c5
[22:08:26] [Server thread/INFO]: [com.fastasyncworldedit.core.Fawe] LZ4 Compression Binding loaded successfully
[22:08:26] [Server thread/INFO]: [com.fastasyncworldedit.core.Fawe] ZSTD Compression Binding loaded successfully
[22:08:27] [Server thread/INFO]: Registering commands with com.sk89q.worldedit.bukkit.BukkitServerInterface
[22:08:27] [Server thread/INFO]: WEPIF: Vault detected! Using Vault for permissions
[22:08:27] [Server thread/INFO]: Using com.sk89q.worldedit.bukkit.adapter.impl.fawe.v1_21_4.PaperweightFaweAdapter as the Bukkit adapter
[22:08:28] [Server thread/INFO]: [SkinsRestorer] Enabling SkinsRestorer v15.10.0
[22:08:28] [Server thread/INFO]: [SkinsRestorer] Running on Minecraft 1.21.4.
[22:08:29] [Server thread/INFO]: [SkinsRestorer] Using paper join listener!
[22:08:29] [Server thread/INFO]: [PlaceholderAPI] Successfully registered internal expansion: skinsrestorer [15.10.0]
[22:08:29] [Server thread/INFO]: [SkinsRestorer] PlaceholderAPI expansion registered!
[22:08:29] [Server thread/INFO]: [ModelEngine] Enabling ModelEngine vR4.0.9
[22:08:29] [Folia Async Scheduler Thread #1/INFO]: [SkinsRestorer] ----------------------------------------------
[22:08:29] [Folia Async Scheduler Thread #1/INFO]: [SkinsRestorer]     +==================+
[22:08:29] [Folia Async Scheduler Thread #1/INFO]: [SkinsRestorer]     |   SkinsRestorer  |
[22:08:29] [Folia Async Scheduler Thread #1/INFO]: [SkinsRestorer]     |------------------|
[22:08:29] [Folia Async Scheduler Thread #1/INFO]: [SkinsRestorer]     |  Standalone Mode |
[22:08:29] [Folia Async Scheduler Thread #1/INFO]: [SkinsRestorer]     +==================+
[22:08:29] [Folia Async Scheduler Thread #1/INFO]: [SkinsRestorer] ----------------------------------------------
[22:08:29] [Folia Async Scheduler Thread #1/INFO]: [SkinsRestorer]     Version: 15.10.0
[22:08:29] [Folia Async Scheduler Thread #1/INFO]: [SkinsRestorer]     Commit: fcb9320
[22:08:29] [Folia Async Scheduler Thread #1/INFO]: [SkinsRestorer]     This is the latest version!
[22:08:29] [Folia Async Scheduler Thread #1/INFO]: [SkinsRestorer] ----------------------------------------------
[22:08:29] [Folia Async Scheduler Thread #1/INFO]: [SkinsRestorer] Do you have issues? Read our troubleshooting guide: https://skinsrestorer.net/docs/troubleshooting
[22:08:29] [Folia Async Scheduler Thread #1/INFO]: [SkinsRestorer] Want to support SkinsRestorer? Consider donating: https://skinsrestorer.net/donate
[22:08:29] [Server thread/INFO]: [ModelEngine] [S] Loading cache version: R4.0.8
[22:08:29] [Server thread/WARN]: [ModelEngine] [S] Unable to activate MineSkin skin generation: Empty API Key
[22:08:29] [Server thread/INFO]: [ModelEngine] [S] Loading default skin: Steve
[22:08:29] [Server thread/INFO]: [ModelEngine] [S] Registered default skin: Steve
[22:08:29] [Server thread/INFO]: [ModelEngine] [S] Loading default skin: Alex
[22:08:29] [ForkJoinPool.commonPool-worker-1/INFO]: [ModelEngine] [A] Registered default skin: Alex
[22:08:29] [Server thread/INFO]: [eco] Enabling eco v6.76.2
[22:08:29] [Server thread/INFO]: [eco] Loading eco
[22:08:29] [Server thread/INFO]: [PlaceholderAPI] Successfully registered internal expansion: eco [6.76.2]
[22:08:29] [Server thread/INFO]: [eco] Loaded integrations: ShopGUIPlus, Vulcan, MythicMobs, ModelEngine, Vault, FancyHolograms, PlaceholderAPI, WorldGuard
[22:08:29] [Server thread/INFO]: [eco] Scanning for conflicts...
[22:08:29] [Server thread/INFO]: [eco] No conflicts found!
[22:08:29] [Server thread/INFO]: [EcoEnchants] Enabling EcoEnchants v12.23.1
[22:08:29] [Server thread/INFO]: [EcoEnchants] Loading EcoEnchants
[22:08:29] [Server thread/INFO]: [PlaceholderAPI] Successfully registered internal expansion: ecoenchants [12.23.1]
[22:08:29] [Server thread/INFO]: [XConomy] Enabling XConomy v2.26.3
[22:08:29] [Server thread/INFO]: [XConomy] UUID-Mode: Default
[22:08:29] [Server thread/INFO]: [XConomy] Language: ENGLISH
[22:08:29] [Server thread/INFO]: [XConomy] Saving method - SQLite
[22:08:30] [Server thread/INFO]: [XConomy] SQLite successfully connected
[22:08:30] [Server thread/INFO]: [XConomy] XConomy successfully enabled
[22:08:30] [Server thread/INFO]: [XConomy] Found PlaceholderAPI
[22:08:30] [Server thread/INFO]: [PlaceholderAPI] Successfully registered internal expansion: xconomy [2.26.3]
[22:08:30] [Server thread/INFO]: [XConomy] PlaceholderAPI successfully hooked
[22:08:30] [Server thread/INFO]: [XConomy] ===== YiC =====
[22:08:30] [Server thread/INFO]: [Worlds] Enabling Worlds v3.12.2-mc1.21.4
[22:08:30] [Server thread/WARN]: **** SERVER IS RUNNING IN OFFLINE/INSECURE MODE!
[22:08:30] [Server thread/WARN]: The server will make no attempt to authenticate usernames. Beware.
[22:08:30] [Server thread/WARN]: While this makes the game possible to play without internet access, it also opens up the ability for hackers to connect with any username they choose.
[22:08:30] [Server thread/WARN]: To change this, set "online-mode" to "true" in the server.properties file.
[22:08:30] [Server thread/INFO]: Preparing level "world"
[22:08:30] [Folia Async Scheduler Thread #3/INFO]: [XConomy] Is the latest version
[22:08:30] [Server thread/INFO]: Preparing start region for dimension minecraft:overworld
[22:08:30] [Server thread/INFO]: Time elapsed: 2 ms
[22:08:31] [Server thread/INFO]: Preparing start region for dimension worlds:queenbeeworld
[22:08:31] [Server thread/INFO]: Time elapsed: 0 ms
[22:08:31] [Server thread/INFO]: Preparing start region for dimension worlds:spawn
[22:08:31] [Server thread/INFO]: Time elapsed: 1 ms
[22:08:31] [Server thread/INFO]: Preparing start region for dimension minecraft:the_nether
[22:08:31] [Server thread/INFO]: Time elapsed: 0 ms
[22:08:31] [Server thread/INFO]: Preparing start region for dimension minecraft:the_end
[22:08:31] [Server thread/INFO]: Time elapsed: 1 ms
[22:08:31] [Server thread/INFO]: [PlaceholderAPI] Enabling PlaceholderAPI v2.11.7
[22:08:31] [Server thread/INFO]: [PlaceholderAPI] Fetching available expansion information...
[22:08:31] [Server thread/INFO]: [packetevents] Enabling packetevents v2.11.2
[22:08:31] [packetevents-update-check-thread/INFO]: [packetevents] Checking for updates, please wait...
[22:08:31] [Server thread/INFO]: [WorldGuard] Enabling WorldGuard v7.0.13+82fdc65
[22:08:31] [Server thread/INFO]: [WorldGuard] (world) TNT ignition is PERMITTED.
[22:08:31] [Server thread/INFO]: [WorldGuard] (world) Lighters are PERMITTED.
[22:08:31] [Server thread/INFO]: [WorldGuard] (world) Lava fire is PERMITTED.
[22:08:31] [Server thread/INFO]: [WorldGuard] (world) Fire spread is UNRESTRICTED.
[22:08:31] [Server thread/INFO]: [WorldGuard] Loaded configuration for world 'world'
[22:08:31] [Server thread/INFO]: [WorldGuard] (world_nether) TNT ignition is PERMITTED.
[22:08:31] [Server thread/INFO]: [WorldGuard] (world_nether) Lighters are PERMITTED.
[22:08:31] [Server thread/INFO]: [WorldGuard] (world_nether) Lava fire is PERMITTED.
[22:08:31] [Server thread/INFO]: [WorldGuard] (world_nether) Fire spread is UNRESTRICTED.
[22:08:31] [Server thread/INFO]: [WorldGuard] Loaded configuration for world 'world_nether'
[22:08:31] [packetevents-update-check-thread/INFO]: [packetevents] You are running the latest release of PacketEvents. Your build: (2.11.2)
[22:08:31] [Server thread/INFO]: [WorldGuard] (world_the_end) TNT ignition is PERMITTED.
[22:08:31] [Server thread/INFO]: [WorldGuard] (world_the_end) Lighters are PERMITTED.
[22:08:31] [Server thread/INFO]: [WorldGuard] (world_the_end) Lava fire is PERMITTED.
[22:08:31] [Server thread/INFO]: [WorldGuard] (world_the_end) Fire spread is UNRESTRICTED.
[22:08:31] [Server thread/INFO]: [WorldGuard] Loaded configuration for world 'world_the_end'
[22:08:31] [Server thread/INFO]: [WorldGuard] (QueenBeeWorld) TNT ignition is PERMITTED.
[22:08:31] [Server thread/INFO]: [WorldGuard] (QueenBeeWorld) Lighters are PERMITTED.
[22:08:31] [Server thread/INFO]: [WorldGuard] (QueenBeeWorld) Lava fire is PERMITTED.
[22:08:31] [Server thread/INFO]: [WorldGuard] (QueenBeeWorld) Fire spread is UNRESTRICTED.
[22:08:31] [Server thread/INFO]: [WorldGuard] Loaded configuration for world 'QueenBeeWorld'
[22:08:31] [Server thread/INFO]: [WorldGuard] (spawn) TNT ignition is PERMITTED.
[22:08:31] [Server thread/INFO]: [WorldGuard] (spawn) Lighters are PERMITTED.
[22:08:31] [Server thread/INFO]: [WorldGuard] (spawn) Lava fire is PERMITTED.
[22:08:31] [Server thread/INFO]: [WorldGuard] (spawn) Fire spread is UNRESTRICTED.
[22:08:31] [Server thread/INFO]: [WorldGuard] Loaded configuration for world 'spawn'
[22:08:31] [Server thread/INFO]: [WorldGuard] Loading region data...
[22:08:32] [Server thread/INFO]: [LibsDisguises] Enabling LibsDisguises v11.0.14
[22:08:32] [Server thread/INFO]: [LibsDisguises] File Name: LibsDisguises-11.0.14-Premium.jar
[22:08:32] [Server thread/INFO]: [LibsDisguises] Discovered nms version (LD: v1_21_R3) (MC: 1.21.4)
[22:08:32] [Server thread/INFO]: [LibsDisguises] Jenkins Build: #1729
[22:08:32] [Server thread/INFO]: [LibsDisguises] Build Date: 27/12/2025 00:48
[22:08:32] [Server thread/INFO]: [LibsDisguises] Build Hash: c93e045b~1
[22:08:32] [Server thread/INFO]: [LibsDisguises] Registered to: 310075 (16)
[22:08:32] [Server thread/INFO]: [LibsDisguises] Premium enabled, thank you for supporting Lib's Disguises!
[22:08:32] [Server thread/INFO]: [LibsDisguises] Config 'TallSelfDisguises' is set to 'SCALED', LD will scale down (when possible) oversized disguises from self disguise. https://www.spigotmc.org/wiki/lib-s-disguises-faq/#tall-disguises-self-disguises
[22:08:32] [Server thread/INFO]: [com.github.retrooper.packetevents.PacketEventsAPI] Loading block mappings for V_1_21_4/17...
[22:08:32] [Server thread/INFO]: [com.github.retrooper.packetevents.PacketEventsAPI] Finished loading block mappings for V_1_21_4/17 in 326.883073ms
[22:08:33] [Server thread/INFO]: [LibsDisguises] Config is up to date!
[22:08:33] [Server thread/INFO]: [PlaceholderAPI] Successfully registered internal expansion: libsdisguises [1.0.0]
[22:08:33] [Server thread/INFO]: [LibsDisguises] PlaceholderAPI support enabled
[22:08:33] [Server thread/INFO]: [ModelEngine] [S] Compatibility applied: LibsDisguises
[22:08:33] [Server thread/INFO]: [MythicMobs] Enabling MythicMobs v5.11.1-de409cac
[22:08:34] [Server thread/INFO]: [MythicMobs] Loading MythicMobs for Paper (MC: 1.21.4)...
[22:08:34] [Server thread/INFO]: [MythicMobs] The server is running Paper; enabled Paper exclusive functionality
[22:08:35] [Server thread/INFO]: [MythicMobs] Mythic LibsDisguises Support has been enabled!
[22:08:35] [Server thread/INFO]: [MythicMobs] Mythic MMOItems Support has been enabled!
[22:08:35] [Server thread/INFO]: [PlaceholderAPI] Successfully registered internal expansion: mythic [5.0.0]
[22:08:36] [Server thread/INFO]: [MythicMobs] Mythic PlaceholderAPI Support has been enabled!
[22:08:36] [Server thread/INFO]: [MythicMobs] Mythic Vault Support has been enabled!
[22:08:36] [Server thread/INFO]: [MythicMobs] Mythic WorldGuard Support has been enabled!
[22:08:36] [Server thread/INFO]: [MythicMobs] Mythic ShopGUIPlus Support has been enabled!
[22:08:37] [Server thread/INFO]: [MythicMobs] Loading Packs...
[22:08:38] [Server thread/INFO]: [MythicMobs] Loading Items...
[22:08:38] [Server thread/INFO]: [MythicMobs] Loading Item Groups...
[22:08:38] [Server thread/INFO]: [MythicMobs] All items loaded after 48ms!
[22:08:38] [Server thread/INFO]: [MythicMobs] Loading Skills...
[22:08:39] [Server thread/WARN]: [MythicMobs] ✗ Configuration Error: Particle 'gust_dust' is not supported by this version
[22:08:39] [Server thread/WARN]: [MythicMobs] ✗ Configuration Error: Particle 'gust_emitter' is not supported by this version
[22:08:40] [Server thread/INFO]: Environment: Environment[sessionHost=https://sessionserver.mojang.com, servicesHost=https://api.minecraftservices.com, name=PROD]
[22:08:40] [Server thread/INFO]: [MythicMobs] Loading Drop Tables...
[22:08:40] [Server thread/INFO]: [MythicMobs] Loading Random Spawns...
[22:08:40] [Server thread/INFO]: [MythicMobs] Loading Spawn Blocks...
[22:08:40] [Server thread/WARN]: [MythicMobs] WARNING: HashCode collision detected when loading spawners.
[22:08:40] [Server thread/WARN]: [MythicMobs] Spawner 1 Hash: 83766130 Type: World
[22:08:40] [Server thread/WARN]: [MythicMobs] Spawner 2 Hash: 83766130 Type: World
[22:08:40] [Server thread/WARN]: [MythicMobs] We recommend changing one of these spawners' names to avoid issues resolving mob type.
[22:08:40] [Server thread/WARN]: [MythicMobs] WARNING: HashCode collision detected when loading spawners.
[22:08:40] [Server thread/WARN]: [MythicMobs] Spawner 1 Hash: 83766130 Type: World
[22:08:40] [Server thread/WARN]: [MythicMobs] Spawner 2 Hash: 83766130 Type: World
[22:08:40] [Server thread/WARN]: [MythicMobs] We recommend changing one of these spawners' names to avoid issues resolving mob type.
[22:08:40] [Server thread/WARN]: [MythicMobs] WARNING: HashCode collision detected when loading spawners.
[22:08:40] [Server thread/WARN]: [MythicMobs] Spawner 1 Hash: 83766130 Type: World
[22:08:40] [Server thread/WARN]: [MythicMobs] Spawner 2 Hash: 83766130 Type: World
[22:08:40] [Server thread/WARN]: [MythicMobs] We recommend changing one of these spawners' names to avoid issues resolving mob type.
[22:08:40] [Server thread/WARN]: [MythicMobs] WARNING: HashCode collision detected when loading spawners.
[22:08:40] [Server thread/WARN]: [MythicMobs] Spawner 1 Hash: 83766130 Type: World
[22:08:40] [Server thread/WARN]: [MythicMobs] Spawner 2 Hash: 83766130 Type: World
[22:08:40] [Server thread/WARN]: [MythicMobs] We recommend changing one of these spawners' names to avoid issues resolving mob type.
[22:08:40] [Server thread/WARN]: [MythicMobs] ✗ Configuration Error in Mechanic metaskill
[22:08:40] [Server thread/WARN]: [MythicMobs] --| Skill: warrior_furiousslash_ST_CAST | File: /workspaces/fantastic-winner/servidor_minecraft/plugins/MythicMobs/skills/warrior_class_skills_mmoitems.yml
[22:08:40] [Server thread/WARN]: [MythicMobs] --| Error Message: Could not find MetaSkill warrior_furiousslash_ST_4
[22:08:40] [Server thread/WARN]: [MythicMobs] --| Mechanic Line: skill{s=warrior_furiousslash_ST_4}
[22:08:40] [Server thread/WARN]: [MythicMobs] ✗ Configuration Error in Mechanic metaskill
[22:08:40] [Server thread/WARN]: [MythicMobs] --| Skill: warrior_furiousslash_ST_CAST | File: /workspaces/fantastic-winner/servidor_minecraft/plugins/MythicMobs/skills/warrior_class_skills_mmocore.yml
[22:08:40] [Server thread/WARN]: [MythicMobs] --| Error Message: Could not find MetaSkill warrior_furiousslash_ST_4
[22:08:40] [Server thread/WARN]: [MythicMobs] --| Mechanic Line: skill{s=warrior_furiousslash_ST_4}
[22:08:40] [Server thread/WARN]: [MythicMobs] ✗ Configuration Error in Mechanic metaskill
[22:08:40] [Server thread/WARN]: [MythicMobs] --| Mob: qmob_endermite | File: /workspaces/fantastic-winner/servidor_minecraft/plugins/MythicMobs/packs/qpack_endVol1/Mobs/qmob_endpack.yml
[22:08:40] [Server thread/WARN]: [MythicMobs] --| Error Message: Could not find MetaSkill null
[22:08:40] [Server thread/WARN]: [MythicMobs] --| Mechanic Line: skill{s=endermiteTP;delay=<random.0to100>
[22:08:41] [Server thread/INFO]: [MythicMobs] Second passes loaded after 179ms!
[22:08:41] [Server thread/INFO]: [MythicMobs] ✓ Loaded 306 mobs.
[22:08:41] [Server thread/INFO]: [MythicMobs] ✓ Loaded 7 vanilla mob overrides.
[22:08:41] [Server thread/INFO]: [MythicMobs] ✓ Loaded 0 mob stacks.
[22:08:41] [Server thread/INFO]: [MythicMobs] ✓ Loaded 1215 skills.
[22:08:41] [Server thread/INFO]: [MythicMobs] ✓ Loaded 40 random spawns.
[22:08:41] [Server thread/INFO]: [MythicMobs] ✓ Loaded 18 mythic items.
[22:08:41] [Server thread/INFO]: [MythicMobs] ✓ Loaded 5 drop tables.
[22:08:41] [Server thread/INFO]: [MythicMobs] ✓ Loaded 16 mob spawners.
[22:08:41] [Server thread/INFO]: [MythicMobs] MythicMobs configuration file loaded successfully.
[22:08:41] [Server thread/INFO]: [MythicMobs] Started up bStats Metrics
[22:08:41] [Server thread/INFO]: [MythicMobs] ✓ MythicMobs Premium v5.11.1 ( build de409cac ) has been successfully loaded!
[22:08:42] [Server thread/INFO]: [MythicMobs] Model Engine Compatibility Loaded.
[22:08:42] [Server thread/INFO]: [ModelEngine] [S] Compatibility applied: MythicMobs
[22:08:42] [Server thread/INFO]: [MythicLib] Enabling MythicLib v1.7.1-SNAPSHOT
[22:08:42] [Server thread/INFO]: [MythicLib] [STDOUT] [Spigotunlocked.com] - Hello
[22:08:42] [Server thread/WARN]: Nag author(s): '[Indyuce]' of 'MythicLib v1.7.1-SNAPSHOT' about their usage of System.out/err.print. Please use your plugin's logger instead (JavaPlugin#getLogger).
[22:08:42] [Server thread/INFO]: [MythicLib] Hooked onto TextDisplays (holograms)
[22:08:42] [Server thread/INFO]: [MythicMobs] MMO Plugin Support has been enabled!
[22:08:42] [Server thread/INFO]: [MythicLib] Hooked onto MythicMobs
[22:08:42] [Server thread/INFO]: [MythicLib] Hooked onto ProtocolLib
[22:08:42] [Server thread/INFO]: [PlaceholderAPI] Successfully registered internal expansion: mythiclib [1.7.1-SNAPSHOT]
[22:08:42] [Server thread/INFO]: [MythicLib] Hooked onto PlaceholderAPI
[22:08:42] [Server thread/WARN]: [MythicLib] Found a dependency cycle! Please make sure that the plugins involved load with no errors.
[22:08:42] [Server thread/WARN]: [MythicLib] Plugin dependency cycle: [AxQuestBoard, PlaceholderAPI, BlueSlimeCore, PlaceholderAPI]
[22:08:42] [Server thread/INFO]: [MythicLib] [STDOUT] [Spigotunlocked.com] - Hello
[22:08:42] [Server thread/INFO]: [MythicLib] [STDOUT] [Spigotunlocked.com] - Hello
[22:08:42] [Server thread/INFO]: [MythicLib] [STDOUT] [Spigotunlocked.com] - Hello
[22:08:42] [Server thread/INFO]: [MythicLib] [STDOUT] [Spigotunlocked.com] - Hello
[22:08:42] [Server thread/INFO]: [MythicLib] [STDOUT] [Spigotunlocked.com] - Hello
[22:08:42] [Server thread/INFO]: [MythicLib] [STDOUT] [Spigotunlocked.com] - Hello
[22:08:42] [Server thread/INFO]: [MythicLib] [STDOUT] [Spigotunlocked.com] - Hello
[22:08:42] [Server thread/INFO]: [MythicLib] [STDOUT] [Spigotunlocked.com] - Hello
[22:08:42] [Server thread/INFO]: [GSit] Enabling GSit v3.2.0
[22:08:42] [Server thread/INFO]: [PlaceholderAPI] Successfully registered internal expansion: gsit [3.2.0]
[22:08:42] [Server thread/INFO]: [WorldGuard] Registering session handler dev.geco.gsit.link.worldguard.RegionFlagHandler
[22:08:42] [Server thread/INFO]: [GSit] The plugin was successfully enabled.
[22:08:42] [Server thread/INFO]: [GSit] Link with PlaceholderAPI successful!
[22:08:42] [Server thread/INFO]: [GSit] Link with WorldGuard successful!
[22:08:42] [Server thread/INFO]: [MMOCore] Enabling MMOCore v1.13.1-SNAPSHOT
[22:08:42] [Server thread/INFO]: [MMOCore] [STDOUT] [Spigotunlocked.com] - Hello
[22:08:42] [Server thread/WARN]: Nag author(s): '[Indyuce]' of 'MMOCore v1.13.1-SNAPSHOT' about their usage of System.out/err.print. Please use your plugin's logger instead (JavaPlugin#getLogger).
[22:08:42] [Server thread/INFO]: [MMOCore] Hooked onto Vault
[22:08:42] [Server thread/INFO]: [PlaceholderAPI] Successfully registered internal expansion: mmocore [1.13.1-SNAPSHOT]
[22:08:42] [Server thread/INFO]: [MMOCore] Hooked onto PlaceholderAPI
[22:08:42] [Server thread/INFO]: [MMOCore] Hooked onto WorldGuard
[22:08:42] [Server thread/INFO]: [MMOCore] Hooked onto MythicMobs
[22:08:43] [Server thread/WARN]: [MMOCore] Could not load objective '2' from quest 'adv-begins': Could not match any objective to 'talkto' in database
[22:08:43] [Server thread/WARN]: [MMOCore] Could not load objective '2' from quest 'fetch-mango': Could not match any objective to 'getitem' in database
[22:08:43] [Server thread/WARN]: [MMOCore] Could not load objective '3' from quest 'tutorial': Could not match any objective to 'getitem' in database
[22:08:43] [Server thread/WARN]: [MMOCore] Could not load objective '4' from quest 'tutorial': Could not match any objective to 'talkto' in database
[22:08:43] [Server thread/WARN]: [MMOCore] Could not load trigger 'mmoitem{type=SWORD;id=CUTLASS}' from objective '5': Could not find MMOItem with ID 'CUTLASS'
[22:08:43] [Server thread/WARN]: [MMOCore] Could not load loot chest region 'sample-region' from file 'default_loot_chests.yml': Could not find world 'world_name_here'
[22:08:43] [Server thread/INFO]: [MMOCore] Hooked parties onto MMOCore
[22:08:43] [Server thread/INFO]: [MMOCore] Hooked guilds onto UltimateClans
[22:08:43] [Server thread/INFO]: [FancyNpcs] Enabling FancyNpcs v2.9.1
[22:08:43] [Server thread/WARN]: [org.mineskin.MineSkinClient] Creating MineSkinClient without API key
[22:08:43] [ForkJoinPool.commonPool-worker-2/WARN]: [FancyNpcs] 
-------------------------------------------------------
You are not using the latest version of the FancyNpcs plugin.
Please update to the newest version (2.9.2).
https://modrinth.com/plugin/FancyNpcs
-------------------------------------------------------

[22:08:43] [FancyLogger/INFO]: [FancyNpcs] (ForkJoinPool.commonPool-worker-2) WARN: You are not using the latest version of the FancyNpcs plugin.
[22:08:43] [FancyLogger/INFO]: [FancyNpcs] (Server thread) INFO: FancyNpcs (2.9.1) has been enabled.
[22:08:43] [Server thread/INFO]: [Vulcan] Enabling Vulcan v2.9.7.12
[22:08:44] [Server thread/INFO]: [Vulcan] Starting Vulcan... Server Version: 1.21.4 detected!
[22:08:44] [Server thread/INFO]: [Vulcan] Registering NMS TickEnd fallback...
[22:08:44] [Server thread/INFO]: [Vulcan] LibsDisguises found. Enabling hook!
[22:08:44] [Server thread/INFO]: [Vulcan] MythicMobs found. Enabling hook!
[22:08:44] [Server thread/INFO]: [Vulcan] BStats enabled!
[22:08:44] [Server thread/INFO]: [Vulcan] Registered MythicMobs listener!
[22:08:44] [Server thread/INFO]: [PlaceholderAPI] Successfully registered internal expansion: Vulcan [2.9.7.12]
[22:08:44] [Server thread/INFO]: [Vulcan] PlaceholderAPI found. Enabling hook!
[22:08:44] [Server thread/INFO]: [MMOItems] Enabling MMOItems v6.10.1-SNAPSHOT
[22:08:44] [Server thread/INFO]: [MMOItems] [STDOUT] [Spigotunlocked.com] - Hello
[22:08:44] [Server thread/WARN]: Nag author(s): '[Indyuce]' of 'MMOItems v6.10.1-SNAPSHOT' about their usage of System.out/err.print. Please use your plugin's logger instead (JavaPlugin#getLogger).
[22:08:44] [Server thread/INFO]: [MMOItems] Hooked onto MythicMobs
[22:08:44] [Server thread/INFO]: [MMOItems] Hooked onto Nexo
[22:08:44] [Server thread/INFO]: [MMOItems] Hooked onto MMOCore
[22:08:44] [Server thread/INFO]: [MMOItems] Now using MMOCore as RPG core plugin
[22:08:44] [Server thread/INFO]: [MMOItems Template Modifiers] Loading template modifiers, please wait..
[22:08:44] [Server thread/INFO]: [MMOItems Item Templates] Loading item templates, please wait...
[22:08:44] [Server thread/INFO]: [MMOItems] Hooked onto Vault
[22:08:44] [Server thread/INFO]: [MMOItems] Loading crafting stations, please wait..
[22:08:44] [Server thread/ERROR]: [MMOItems] Could not load recipe 'soulstealer' from crafting station 'mythical-forge': Could not load ingredient 'mmoitem{type=SWORD,id=STEEL_SWORD,amount=1,display="Steel Sword"}': Could not find a template with ID 'STEEL_SWORD'
[22:08:44] [Server thread/ERROR]: [MMOItems] Could not load recipe 'molten-blade' from crafting station 'mythical-forge': Could not load ingredient 'mmoitem{type=SWORD,id=STEEL_SWORD,amount=1,display="Steel Sword"}': Could not find a template with ID 'STEEL_SWORD'
[22:08:44] [Server thread/ERROR]: [MMOItems] Could not load recipe 'steel-sword' from crafting station 'steel-crafting-station': Could not find a template with ID 'STEEL_SWORD'
[22:08:44] [Server thread/ERROR]: [MMOItems] Could not load recipe 'steel-sword-upgrade' from crafting station 'steel-crafting-station': Could not find a template with ID 'STEEL_SWORD'
[22:08:44] [Server thread/ERROR]: [MMOItems] Could not load recipe 'two-handed-steel-sword' from crafting station 'steel-crafting-station': Could not load ingredient 'mmoitem{type=SWORD,id=STEEL_SWORD,amount=1,display="Steel Sword"}': Could not find a template with ID 'STEEL_SWORD'
[22:08:44] [Server thread/ERROR]: [MMOItems] Could not load recipe 'katana' from crafting station 'steel-crafting-station': Could not find a template with ID 'KATANA'
[22:08:44] [Server thread/ERROR]: [MMOItems] Could not load recipe 'steel-dagger' from crafting station 'steel-crafting-station': Could not find a template with ID 'STEEL_DAGGER'
[22:08:44] [Server thread/INFO]: [PlaceholderAPI] Successfully registered internal expansion: mmoitems [6.10.1-SNAPSHOT]
[22:08:44] [Server thread/INFO]: [MMOItems] Hooked onto PlaceholderAPI
[22:08:44] [Server thread/INFO]: [MMOItems] Loading recipes, please wait...
[22:08:45] [Server thread/INFO]: [TAB] Enabling TAB v5.5.0
[22:08:45] [Server thread/INFO]: [TAB] Enabled in 317ms
[22:08:45] [Server thread/INFO]: [FancyHolograms] Enabling FancyHolograms v2.9.1
[22:08:45] [FancyLogger/INFO]: [FancyHolograms] (FancyHolograms-Holograms) WARN: No holograms section found in config
[22:08:45] [FancyLogger/INFO]: [FancyHolograms] (FancyHolograms-Holograms) WARN: No holograms section found in config
[22:08:45] [FancyLogger/INFO]: [FancyHolograms] (FancyHolograms-Holograms) WARN: No holograms section found in config
[22:08:45] [FancyLogger/INFO]: [FancyHolograms] (FancyHolograms-Holograms) WARN: No holograms section found in config
[22:08:45] [FancyLogger/INFO]: [FancyHolograms] (FancyHolograms-Holograms) WARN: No holograms section found in config
[22:08:45] [Server thread/INFO]: [UltimateClans] Enabling UltimateClans v8.2.1
[22:08:45] [FancyLogger/INFO]: [FancyHolograms] (Server thread) INFO: Successfully enabled FancyHolograms version 2.9.1
[22:08:45] [Server thread/INFO]: [UltimateClans] ========================================
[22:08:45] [Server thread/INFO]: [UltimateClans]  _     _  _        _                              ______  _                     
[22:08:45] [Server thread/INFO]: [UltimateClans] | |   | || | _    (_)               _            / _____)| |                  V8
[22:08:45] [Server thread/INFO]: [UltimateClans] | |   | || || |_   _  ____    ____ | |_    ____ | /      | |  ____  ____    ___ 
[22:08:45] [Server thread/INFO]: [UltimateClans] | |   | || ||  _) | ||    \  / _  ||  _)  / _  )| |      | | / _  ||  _ \  /___)
[22:08:45] [Server thread/INFO]: [UltimateClans] | |___| || || |__ | || | | |( ( | || |__ ( (/ / | \_____ | |( ( | || | | ||___ |
[22:08:45] [Server thread/INFO]: [UltimateClans]  \______||_| \___)|_||_|_|_| \_||_| \___) \____) \______)|_| \_||_||_| |_|(___/ 
[22:08:45] [Server thread/INFO]: [UltimateClans]  
[22:08:45] [Server thread/INFO]: [UltimateClans] Setup Packets:
[22:08:45] [Server thread/INFO]: [UltimateClans]  ! Not found
[22:08:46] [Server thread/INFO]: [UltimateClans] Thanks for using Black-Minecraft.com
[22:08:46] [Server thread/INFO]: [UltimateClans] Language: EN (default)
[22:08:46] [Server thread/INFO]: [UltimateClans] Setup ScriptEngine: 
[22:08:46] [Server thread/INFO]: [UltimateClans]  - Loaded successfully
[22:08:46] [Server thread/INFO]: [UltimateClans] Setup database: SQLITE (Medium)
[22:08:46] [Server thread/INFO]: [UltimateClans]  - Clan database [OK]
[22:08:46] [Server thread/INFO]: [UltimateClans]  - Player database [OK]
[22:08:46] [Server thread/INFO]: [UltimateClans]  - Invite database [OK]
[22:08:46] [Server thread/INFO]: [UltimateClans]  - Moderation database [OK]
[22:08:46] [Server thread/INFO]: [UltimateClans]  - Logger database [OK]
[22:08:46] [Server thread/INFO]: [UltimateClans]  - Mail database [OK]
[22:08:46] [Server thread/INFO]: [UltimateClans]  - Rewards database [OK]
[22:08:47] [Server thread/INFO]: [UltimateClans] Setup hooks...
[22:08:47] [Server thread/INFO]: [UltimateClans]  - PlaceholderAPI
[22:08:47] [Server thread/INFO]: [PlaceholderAPI] Successfully registered internal expansion: uclans [UClans V7]
[22:08:47] [Server thread/INFO]: [UltimateClans] Setup bedrock hook...
[22:08:47] [Server thread/INFO]: [UltimateClans]  - Not found.
[22:08:47] [Server thread/INFO]: [UltimateClans] Loaded 51 gui menus.
[22:08:47] [pool-86-thread-1/INFO]: [UltimateClans] Start invite loader...
[22:08:47] [pool-86-thread-1/INFO]: [UltimateClans] Loaded 0 invites(s).
[22:08:47] [Server thread/INFO]: [UltimateClans] Loaded 1 clan patent(s).
[22:08:47] [Server thread/INFO]: [UltimateClans] Loaded 5 clan level requeriments(s).
[22:08:47] [pool-87-thread-1/INFO]: [UltimateClans] Start logger loader...
[22:08:47] [pool-87-thread-1/INFO]: [UltimateClans] Loaded 0 log(s).
[22:08:47] [pool-88-thread-1/INFO]: [UltimateClans] Start mail loader...
[22:08:47] [pool-88-thread-1/INFO]: [UltimateClans] Loaded 0 mail(s).
[22:08:47] [pool-89-thread-1/INFO]: [UltimateClans] Start rewards loader...
[22:08:47] [pool-89-thread-1/INFO]: [UltimateClans] Loaded 0 rewards(s).
[22:08:47] [Server thread/INFO]: [UltimateClans] Setup Extensions...
[22:08:47] [pool-90-thread-1/INFO]: [UltimateClans] Start clans loader...
[22:08:47] [pool-90-thread-1/INFO]: [UltimateClans] Loaded 0 clan(s).
[22:08:47] [pool-91-thread-1/INFO]: [UltimateClans] Start players loader...
[22:08:47] [Server thread/INFO]: [UltimateClans] Setup Addons...
[22:08:47] [pool-91-thread-1/INFO]: [UltimateClans] Loaded 1 player(s).
[22:08:47] [Server thread/WARN]: java.lang.ClassNotFoundException: org.bukkit.craftbukkit.craftbukkit.block.CraftBlock
[22:08:47] [Server thread/WARN]: 	at java.base/java.net.URLClassLoader.findClass(URLClassLoader.java:445)
[22:08:47] [Server thread/WARN]: 	at UltimateClans-8.2.1.jar//me.ulrich.clans.iJ6kLm.aB2cD3.aB2cD3.aB2cD3(Unknown Source)
[22:08:47] [Server thread/WARN]: 	at UltimateClans-8.2.1.jar//me.ulrich.clans.iJ6kLm.aB2cD3.aB2cD3.findClass(Unknown Source)
[22:08:47] [Server thread/WARN]: 	at java.base/java.lang.ClassLoader.loadClass(ClassLoader.java:593)
[22:08:47] [Server thread/WARN]: 	at java.base/java.lang.ClassLoader.loadClass(ClassLoader.java:526)
[22:08:47] [Server thread/WARN]: 	at java.base/java.lang.Class.forName0(Native Method)
[22:08:47] [Server thread/WARN]: 	at java.base/java.lang.Class.forName(Class.java:423)
[22:08:47] [Server thread/WARN]: 	at java.base/java.lang.Class.forName(Class.java:414)
[22:08:47] [Server thread/WARN]: 	at me.addon.war.c.g.g(Unknown Source)
[22:08:47] [Server thread/WARN]: 	at me.addon.war.c.g.h(Unknown Source)
[22:08:47] [Server thread/WARN]: 	at me.addon.war.c.g.<clinit>(Unknown Source)
[22:08:47] [Server thread/WARN]: 	at me.addon.war.c.a.getKnownCommands(Unknown Source)
[22:08:47] [Server thread/WARN]: 	at me.addon.war.c.a.<clinit>(Unknown Source)
[22:08:47] [Server thread/WARN]: 	at me.addon.war.ClanWar.onEnable(Unknown Source)
[22:08:47] [Server thread/WARN]: 	at UltimateClans-8.2.1.jar//me.ulrich.clans.data.Addon.enable(Unknown Source)
[22:08:47] [Server thread/WARN]: 	at UltimateClans-8.2.1.jar//me.ulrich.clans.iJ6kLm.aB2cD3.iJ6kLm.nO8pQr(Unknown Source)
[22:08:47] [Server thread/WARN]: 	at java.base/java.util.stream.ForEachOps$ForEachOp$OfRef.accept(ForEachOps.java:184)
[22:08:47] [Server thread/WARN]: 	at java.base/java.util.stream.ReferencePipeline$2$1.accept(ReferencePipeline.java:179)
[22:08:47] [Server thread/WARN]: 	at java.base/java.util.stream.ReferencePipeline$3$1.accept(ReferencePipeline.java:197)
[22:08:47] [Server thread/WARN]: 	at java.base/java.util.stream.ReferencePipeline$2$1.accept(ReferencePipeline.java:179)
[22:08:47] [Server thread/WARN]: 	at java.base/java.util.concurrent.ConcurrentHashMap$ValueSpliterator.forEachRemaining(ConcurrentHashMap.java:3612)
[22:08:47] [Server thread/WARN]: 	at java.base/java.util.stream.AbstractPipeline.copyInto(AbstractPipeline.java:509)
[22:08:47] [Server thread/WARN]: 	at java.base/java.util.stream.AbstractPipeline.wrapAndCopyInto(AbstractPipeline.java:499)
[22:08:47] [Server thread/WARN]: 	at java.base/java.util.stream.ForEachOps$ForEachOp.evaluateSequential(ForEachOps.java:151)
[22:08:47] [Server thread/WARN]: 	at java.base/java.util.stream.ForEachOps$ForEachOp$OfRef.evaluateSequential(ForEachOps.java:174)
[22:08:47] [Server thread/WARN]: 	at java.base/java.util.stream.AbstractPipeline.evaluate(AbstractPipeline.java:234)
[22:08:47] [Server thread/WARN]: 	at java.base/java.util.stream.ReferencePipeline.forEach(ReferencePipeline.java:596)
[22:08:47] [Server thread/WARN]: 	at UltimateClans-8.2.1.jar//me.ulrich.clans.iJ6kLm.aB2cD3.iJ6kLm.sT9uVw(Unknown Source)
[22:08:47] [Server thread/WARN]: 	at UltimateClans-8.2.1.jar//me.ulrich.clans.Clans.loadAddons(Unknown Source)
[22:08:47] [Server thread/WARN]: 	at UltimateClans-8.2.1.jar//me.ulrich.clans.Clans.pluginEnable(Unknown Source)
[22:08:47] [Server thread/WARN]: 	at UltimateClans-8.2.1.jar//me.ulrich.clans.Clans.onEnable(Unknown Source)
[22:08:47] [Server thread/WARN]: 	at org.bukkit.plugin.java.JavaPlugin.setEnabled(JavaPlugin.java:280)
[22:08:47] [Server thread/WARN]: 	at io.papermc.paper.plugin.manager.PaperPluginInstanceManager.enablePlugin(PaperPluginInstanceManager.java:202)
[22:08:47] [Server thread/WARN]: 	at io.papermc.paper.plugin.manager.PaperPluginManagerImpl.enablePlugin(PaperPluginManagerImpl.java:109)
[22:08:47] [Server thread/WARN]: 	at org.bukkit.plugin.SimplePluginManager.enablePlugin(SimplePluginManager.java:520)
[22:08:47] [Server thread/WARN]: 	at org.bukkit.craftbukkit.CraftServer.enablePlugin(CraftServer.java:658)
[22:08:47] [Server thread/WARN]: 	at org.bukkit.craftbukkit.CraftServer.enablePlugins(CraftServer.java:607)
[22:08:47] [Server thread/WARN]: 	at net.minecraft.server.MinecraftServer.loadWorld0(MinecraftServer.java:744)
[22:08:47] [Server thread/WARN]: 	at net.minecraft.server.MinecraftServer.loadLevel(MinecraftServer.java:489)
[22:08:47] [Server thread/WARN]: 	at net.minecraft.server.dedicated.DedicatedServer.initServer(DedicatedServer.java:325)
[22:08:47] [Server thread/WARN]: 	at net.minecraft.server.MinecraftServer.runServer(MinecraftServer.java:1164)
[22:08:47] [Server thread/WARN]: 	at net.minecraft.server.MinecraftServer.lambda$spin$2(MinecraftServer.java:311)
[22:08:47] [Server thread/WARN]: 	at java.base/java.lang.Thread.run(Thread.java:1583)
[22:08:47] [Server thread/ERROR]: Error occurred while enabling UltimateClans v8.2.1 (Is it up to date?)
java.lang.ExceptionInInitializerError: null
	at me.addon.war.c.a.getKnownCommands(Unknown Source) ~[?:?]
	at me.addon.war.c.a.<clinit>(Unknown Source) ~[?:?]
	at me.addon.war.ClanWar.onEnable(Unknown Source) ~[?:?]
	at UltimateClans-8.2.1.jar/me.ulrich.clans.data.Addon.enable(Unknown Source) ~[UltimateClans-8.2.1.jar:?]
	at UltimateClans-8.2.1.jar/me.ulrich.clans.iJ6kLm.aB2cD3.iJ6kLm.nO8pQr(Unknown Source) ~[UltimateClans-8.2.1.jar:?]
	at java.base/java.util.stream.ForEachOps$ForEachOp$OfRef.accept(ForEachOps.java:184) ~[?:?]
	at java.base/java.util.stream.ReferencePipeline$2$1.accept(ReferencePipeline.java:179) ~[?:?]
	at java.base/java.util.stream.ReferencePipeline$3$1.accept(ReferencePipeline.java:197) ~[?:?]
	at java.base/java.util.stream.ReferencePipeline$2$1.accept(ReferencePipeline.java:179) ~[?:?]
	at java.base/java.util.concurrent.ConcurrentHashMap$ValueSpliterator.forEachRemaining(ConcurrentHashMap.java:3612) ~[?:?]
	at java.base/java.util.stream.AbstractPipeline.copyInto(AbstractPipeline.java:509) ~[?:?]
	at java.base/java.util.stream.AbstractPipeline.wrapAndCopyInto(AbstractPipeline.java:499) ~[?:?]
	at java.base/java.util.stream.ForEachOps$ForEachOp.evaluateSequential(ForEachOps.java:151) ~[?:?]
	at java.base/java.util.stream.ForEachOps$ForEachOp$OfRef.evaluateSequential(ForEachOps.java:174) ~[?:?]
	at java.base/java.util.stream.AbstractPipeline.evaluate(AbstractPipeline.java:234) ~[?:?]
	at java.base/java.util.stream.ReferencePipeline.forEach(ReferencePipeline.java:596) ~[?:?]
	at UltimateClans-8.2.1.jar/me.ulrich.clans.iJ6kLm.aB2cD3.iJ6kLm.sT9uVw(Unknown Source) ~[UltimateClans-8.2.1.jar:?]
	at UltimateClans-8.2.1.jar/me.ulrich.clans.Clans.loadAddons(Unknown Source) ~[UltimateClans-8.2.1.jar:?]
	at UltimateClans-8.2.1.jar/me.ulrich.clans.Clans.pluginEnable(Unknown Source) ~[UltimateClans-8.2.1.jar:?]
	at UltimateClans-8.2.1.jar/me.ulrich.clans.Clans.onEnable(Unknown Source) ~[UltimateClans-8.2.1.jar:?]
	at org.bukkit.plugin.java.JavaPlugin.setEnabled(JavaPlugin.java:280) ~[pluto-api-1.21.4-R0.1-SNAPSHOT.jar:?]
	at io.papermc.paper.plugin.manager.PaperPluginInstanceManager.enablePlugin(PaperPluginInstanceManager.java:202) ~[pluto-1.21.4.jar:1.21.4-37-412ab86]
	at io.papermc.paper.plugin.manager.PaperPluginManagerImpl.enablePlugin(PaperPluginManagerImpl.java:109) ~[pluto-1.21.4.jar:1.21.4-37-412ab86]
	at org.bukkit.plugin.SimplePluginManager.enablePlugin(SimplePluginManager.java:520) ~[pluto-api-1.21.4-R0.1-SNAPSHOT.jar:?]
	at org.bukkit.craftbukkit.CraftServer.enablePlugin(CraftServer.java:658) ~[pluto-1.21.4.jar:1.21.4-37-412ab86]
	at org.bukkit.craftbukkit.CraftServer.enablePlugins(CraftServer.java:607) ~[pluto-1.21.4.jar:1.21.4-37-412ab86]
	at net.minecraft.server.MinecraftServer.loadWorld0(MinecraftServer.java:744) ~[pluto-1.21.4.jar:1.21.4-37-412ab86]
	at net.minecraft.server.MinecraftServer.loadLevel(MinecraftServer.java:489) ~[pluto-1.21.4.jar:1.21.4-37-412ab86]
	at net.minecraft.server.dedicated.DedicatedServer.initServer(DedicatedServer.java:325) ~[pluto-1.21.4.jar:1.21.4-37-412ab86]
	at net.minecraft.server.MinecraftServer.runServer(MinecraftServer.java:1164) ~[pluto-1.21.4.jar:1.21.4-37-412ab86]
	at net.minecraft.server.MinecraftServer.lambda$spin$2(MinecraftServer.java:311) ~[pluto-1.21.4.jar:1.21.4-37-412ab86]
	at java.base/java.lang.Thread.run(Thread.java:1583) ~[?:?]
Caused by: java.lang.NullPointerException: Cannot invoke "java.lang.Class.getDeclaredMethods()" because "<parameter1>" is null
	at me.addon.war.c.g.a(Unknown Source) ~[?:?]
	at me.addon.war.c.g.<clinit>(Unknown Source) ~[?:?]
	... 32 more
[22:08:47] [Server thread/INFO]: [UltimateClans] Disabling UltimateClans v8.2.1
[22:08:47] [Server thread/INFO]: [UltimateClans] Starting shutdown ...
[22:08:47] [Server thread/INFO]: [UltimateClans] Closing storage...
[22:08:47] [Server thread/INFO]: [UltimateClans] Disabling extensions...
[22:08:47] [Server thread/INFO]: [UltimateClans] Disabling Adventure...
[22:08:47] [Server thread/INFO]: [UltimateClans] Unregister Listeners...
[22:08:47] [Server thread/INFO]: [UltimateClans] Unregister Papi...
[22:08:47] [Server thread/INFO]: [UltimateClans] Canceling Tasks...
[22:08:47] [Server thread/INFO]: [UltimateClans] Disabling Redis...
[22:08:47] [Server thread/INFO]: [UltimateClans] Goodbye!
[22:08:47] [Server thread/INFO]: [Nexo] Enabling Nexo v1.18
[22:08:47] [Server thread/INFO]: Nexo | NMS-Version v1_21_R3 has been detected.
[22:08:47] [Server thread/INFO]: Nexo | Initializing Vulcan-AntiCheat Hook!
[22:08:47] [ForkJoinPool.commonPool-worker-3/INFO]: Nexo | Skipped downloading DefaultPack as it is up to date!
[22:08:47] [Server thread/INFO]: [PlaceholderAPI] Successfully registered internal expansion: nexo [1.18]
[22:08:47] [Server thread/INFO]: Nexo | Plugin "PlaceholderAPI" detected, enabling hooks
[22:08:47] [Server thread/INFO]: Nexo | Plugin "MythicMobs" detected, enabling hooks
[22:08:47] [Server thread/INFO]: Nexo | Plugin "ModelEngine" detected, enabling hooks
[22:08:47] [Server thread/INFO]: Nexo | Plugin "WorldGuard" detected, enabling hooks
[22:08:47] [Server thread/INFO]: [AxKoth] Enabling AxKoth v2.13.3
[22:08:48] [Server thread/INFO]: [PlaceholderAPI] Successfully registered internal expansion: axkoth [1.0.0]
[22:08:48] [Server thread/INFO]: [AxKoth] Loaded plugin!
[22:08:48] [Server thread/INFO]: [zMenu] Enabling zMenu v1.0.3.7
[22:08:48] [Server thread/INFO]: [zMenu v1.0.3.7] === ENABLE START ===
[22:08:48] [Server thread/INFO]: [zMenu v1.0.3.7] Plugin Version V1.0.3.7
[22:08:48] [Server thread/INFO]: [PlaceholderAPI] Successfully registered internal expansion: zmenu [1.0.3.7]
[22:08:49] [Server thread/INFO]: [zMenu v1.0.3.7] plugins/zMenu/patterns/pattern_example.yml loaded successfully !
[22:08:49] [Server thread/INFO]: [zMenu v1.0.3.7] plugins/zMenu/inventories/advanced_inventory.yml loaded successfully !
[22:08:49] [Server thread/INFO]: [zMenu v1.0.3.7] plugins/zMenu/inventories/basic_inventory.yml loaded successfully !
[22:08:49] [Server thread/INFO]: [zMenu v1.0.3.7] plugins/zMenu/inventories/pro_inventory.yml loaded successfully !
[22:08:49] [Server thread/INFO]: [zMenu v1.0.3.7] plugins/zMenu/inventories/example_punish.yml loaded successfully !
[22:08:49] [Server thread/INFO]: [zMenu v1.0.3.7] plugins/zMenu/website/inventories.yml loaded successfully !
[22:08:49] [Server thread/INFO]: [zMenu v1.0.3.7] Command /basic_command successfully register.
[22:08:49] [Server thread/INFO]: [zMenu v1.0.3.7] Command /advanced_command successfully register.
[22:08:49] [Server thread/INFO]: [zMenu v1.0.3.7] Command /pro_command successfully register.
[22:08:49] [Server thread/INFO]: [zMenu v1.0.3.7] Command /openbook successfully register.
[22:08:49] [Server thread/INFO]: [zMenu v1.0.3.7] Command /punish successfully register.
[22:08:49] [Server thread/INFO]: [zMenu v1.0.3.7] 
[22:08:49] [Server thread/INFO]: [zMenu v1.0.3.7] You can support zMenu by upgrading your account here: https://minecraft-inventory-builder.com/account-upgrade
[22:08:49] [Server thread/INFO]: [zMenu v1.0.3.7] zMenu’s site includes an inventory editor (under development), a marketplace (already available) is a forum (under development)
[22:08:49] [Server thread/INFO]: [zMenu v1.0.3.7] 
[22:08:49] [Server thread/INFO]: [zMenu v1.0.3.7] Use ComponentMeta
[22:08:49] [Server thread/INFO]: [zMenu v1.0.3.7] Loading 6 commands
[22:08:49] [Server thread/INFO]: [zMenu v1.0.3.7] === ENABLE DONE (213ms) ===
[22:08:49] [Server thread/INFO]: [BetterHud] Enabling BetterHud v1.14.2-SNAPSHOT-441
[22:08:49] [Server thread/WARN]: [BetterHud] This build is dev version - be careful to use it!
[22:08:50] [Server thread/INFO]: [HibiscusCommons] Enabling HibiscusCommons v0.8.2
[22:08:50] [Server thread/INFO]: [HibiscusCommons] Detected Paper! Enabling Paper support...
[22:08:50] [Server thread/INFO]: [HibiscusCommons] Successfully hooked into CustomFishing
[22:08:50] [Server thread/INFO]: [HibiscusCommons] Successfully hooked into PlaceholderAPI
[22:08:50] [Server thread/INFO]: [HibiscusCommons] Successfully hooked into GSit
[22:08:50] [Server thread/INFO]: [HibiscusCommons] Successfully hooked into ModelEngine
[22:08:50] [Server thread/INFO]: [HibiscusCommons] Successfully hooked into mythicmobs
[22:08:50] [Server thread/INFO]: [HibiscusCommons] Successfully hooked into LibsDisguises
[22:08:50] [Server thread/INFO]: [HibiscusCommons] Successfully hooked into Eco
[22:08:50] [Server thread/INFO]: [HibiscusCommons] Successfully hooked into BetterHUD
[22:08:50] [Server thread/INFO]: [HibiscusCommons] Successfully hooked into HMCCosmetics
[22:08:50] [Server thread/INFO]: [HibiscusCommons] Successfully hooked into nexo
[22:08:50] [Server thread/INFO]: [HibiscusCommons] Successfully hooked into MMOItems
[22:08:50] [Server thread/INFO]: [ShopGUIPlus] Enabling ShopGUIPlus v1.112.0
[22:08:50] [Server thread/INFO]: [EcoJobs] Enabling EcoJobs v3.74.1
[22:08:50] [Server thread/INFO]: [EcoJobs] Loading EcoJobs
[22:08:50] [Server thread/INFO]: [PlaceholderAPI] Successfully registered internal expansion: ecojobs [3.74.1]
[22:08:50] [Server thread/INFO]: [BetterRTP] Enabling BetterRTP v3.6.13
[22:08:50] [Server thread/INFO]: [BetterRTP] Cooldown = 600
[22:08:50] [Server thread/INFO]: [PlaceholderAPI] Successfully registered internal expansion: betterrtp [3.6.13]
[22:08:50] [Server thread/INFO]: [AxQuestBoard] Enabling AxQuestBoard v1.14.2
[22:08:52] [Server thread/INFO]: [AxQuestBoard] Loaded plugin! Using H2 database to store data!
[22:08:52] [Server thread/INFO]: [PlaceholderAPI] Successfully registered internal expansion: axquestboard [1.14.2]
[22:08:52] [Server thread/INFO]: [zAuctionHouseV3] Enabling zAuctionHouseV3 v3.2.2.9
[22:08:52] [Server thread/INFO]: [zAuctionHouseV3] [STDOUT] [Spigotunlocked.com] - COSMO
[22:08:52] [Server thread/WARN]: Nag author(s): '[Maxlego08]' of 'zAuctionHouseV3 v3.2.2.9' about their usage of System.out/err.print. Please use your plugin's logger instead (JavaPlugin#getLogger).
[22:08:52] [Server thread/INFO]: [PlaceholderAPI] Successfully registered internal expansion: zauctionhouse [3.2.2.9]
[22:08:52] [Server thread/INFO]: [zAuctionHouseV3 v3.2.2.9] === ENABLE START ===
[22:08:52] [Server thread/INFO]: [zAuctionHouseV3 v3.2.2.9] Plugin Version V3.2.2.9
[22:08:52] [Server thread/INFO]: [zAuctionHouseV3 v3.2.2.9] Loading of 4 price items
[22:08:52] [Server thread/INFO]: [zAuctionHouseV3 v3.2.2.9] /workspaces/fantastic-winner/servidor_minecraft/plugins/zAuctionHouseV3/blacklistplayers.json loaded successfully !
[22:08:52] [Server thread/INFO]: [zAuctionHouseV3 v3.2.2.9] Loaded config.yml
[22:08:52] [Server thread/INFO]: [zAuctionHouseV3 v3.2.2.9] Loading of 3 tax items
[22:08:52] [Server thread/INFO]: [zAuctionHouseV3 v3.2.2.9] Loaded 4 blacklist items
[22:08:52] [Server thread/INFO]: [zAuctionHouseV3 v3.2.2.9] Loaded 0 whitelist items
[22:08:52] [Server thread/INFO]: [zAuctionHouseV3 v3.2.2.9] Loading the Examples category with 4 materials
[22:08:52] [Server thread/INFO]: [zAuctionHouseV3 v3.2.2.9] Loading the Blocks category with 1095 materials
[22:08:52] [Server thread/INFO]: [zAuctionHouseV3 v3.2.2.9] Loading the Potions category with 17 materials
[22:08:52] [Server thread/INFO]: [zAuctionHouseV3 v3.2.2.9] Loading the Tools category with 20 materials
[22:08:52] [Server thread/INFO]: [zAuctionHouseV3 v3.2.2.9] Loading the Weapons category with 13 materials
[22:08:52] [Server thread/INFO]: [zAuctionHouseV3 v3.2.2.9] Loading 3 inventories
[22:08:52] [Server thread/INFO]: [zAuctionHouseV3 v3.2.2.9] Loading 0 commands
[22:08:52] [Server thread/INFO]: [zAuctionHouseV3 v3.2.2.9] Load SQL...
[22:08:52] [Server thread/INFO]: [zMenu v1.0.3.7] plugins/zAuctionHouseV3/patterns/pagination.yml loaded successfully !
[22:08:52] [Server thread/INFO]: [zMenu v1.0.3.7] plugins/zAuctionHouseV3/patterns/auction.yml loaded successfully !
[22:08:52] [Server thread/INFO]: [zMenu v1.0.3.7] plugins/zAuctionHouseV3/patterns/back.yml loaded successfully !
[22:08:52] [Server thread/INFO]: [zMenu v1.0.3.7] plugins/zAuctionHouseV3/patterns/decoration.yml loaded successfully !
[22:08:52] [Server thread/INFO]: [zMenu v1.0.3.7] plugins/zAuctionHouseV3/inventories/category.yml loaded successfully !
[22:08:52] [Server thread/INFO]: [zMenu v1.0.3.7] plugins/zAuctionHouseV3/inventories/economy.yml loaded successfully !
[22:08:52] [Server thread/INFO]: [zMenu v1.0.3.7] plugins/zAuctionHouseV3/inventories/buyconfirminventory.yml loaded successfully !
[22:08:52] [Server thread/INFO]: [zMenu v1.0.3.7] plugins/zAuctionHouseV3/inventories/categories.yml loaded successfully !
[22:08:52] [Server thread/INFO]: [zMenu v1.0.3.7] plugins/zAuctionHouseV3/inventories/sellshow.yml loaded successfully !
[22:08:52] [Server thread/INFO]: [zMenu v1.0.3.7] plugins/zAuctionHouseV3/inventories/adminremove.yml loaded successfully !
[22:08:52] [Server thread/INFO]: [zMenu v1.0.3.7] plugins/zAuctionHouseV3/inventories/buying.yml loaded successfully !
[22:08:52] [Server thread/INFO]: [zMenu v1.0.3.7] plugins/zAuctionHouseV3/inventories/removeconfirm.yml loaded successfully !
[22:08:52] [Server thread/INFO]: [zMenu v1.0.3.7] plugins/zAuctionHouseV3/inventories/search.yml loaded successfully !
[22:08:52] [Server thread/INFO]: [zMenu v1.0.3.7] plugins/zAuctionHouseV3/inventories/expire.yml loaded successfully !
[22:08:52] [Server thread/INFO]: [zMenu v1.0.3.7] plugins/zAuctionHouseV3/inventories/auction.yml loaded successfully !
[22:08:52] [Server thread/INFO]: [zMenu v1.0.3.7] plugins/zAuctionHouseV3/inventories/buyconfirm.yml loaded successfully !
[22:08:52] [Server thread/INFO]: [zMenu v1.0.3.7] plugins/zAuctionHouseV3/inventories/sell.yml loaded successfully !
[22:08:52] [Server thread/INFO]: [zMenu v1.0.3.7] plugins/zAuctionHouseV3/inventories/show.yml loaded successfully !
[22:08:52] [Server thread/INFO]: [zMenu v1.0.3.7] plugins/zAuctionHouseV3/inventories/items.yml loaded successfully !
[22:08:52] [Server thread/WARN]: [CurrenciesAPI] The framework is not up to date, the latest version is 1.0.11
[22:08:52] [Server thread/INFO]: [zAuctionHouseV3 v3.2.2.9] Register VAULT economy with name vault
[22:08:52] [Server thread/INFO]: [zAuctionHouseV3 v3.2.2.9] Register ProtocolLib implementation
[22:08:52] [Server thread/INFO]: [zAuctionHouseV3 v3.2.2.9] === ENABLE DONE (493ms) ===
[22:08:52] [Server thread/INFO]: [FreedomChat] Enabling FreedomChat v1.7.2
[22:08:52] [Server thread/INFO]: [HMCCosmetics] Enabling HMCCosmetics v2.8.2
[22:08:52] [Server thread/INFO]: [PlaceholderAPI] Successfully registered internal expansion: HMCCosmetics [2.8.2]
[22:08:52] [Server thread/INFO]: [HMCCosmetics] Successfully Enabled HMCCosmetics
[22:08:52] [Server thread/INFO]: [HMCCosmetics] 24 Cosmetics Successfully Setup
[22:08:52] [Server thread/INFO]: [HMCCosmetics] 7 Menus Successfully Setup
[22:08:52] [Server thread/INFO]: [HMCCosmetics] 1 Wardrobes Successfully Setup
[22:08:52] [Server thread/INFO]: [HMCCosmetics] Data storage is set to sqlite
[22:08:53] [Server thread/INFO]: [DynaShop] Enabling ShopGUIPlus-DynaShop v1.7.0
[22:08:53] [Server thread/INFO]: [DynaShop] fileNametranslations_fr.yml locale: fr
[22:08:53] [Server thread/INFO]: [DynaShop] Translation file for locale 'fr' loaded successfully.
[22:08:53] [Server thread/INFO]: [DynaShop] fileNametranslations_en.yml locale: en
[22:08:53] [Server thread/INFO]: [DynaShop] Translation file for locale 'en' loaded successfully.
[22:08:53] [Server thread/INFO]: [DynaShop] ShopGUI+ detected.
[22:08:53] [Server thread/INFO]: [PlaceholderAPI] Successfully registered internal expansion: dynashop [1.7.0]
[22:08:53] [Server thread/INFO]: [DynaShop] Placeholders DynaShop enregistrés avec succès
[22:08:53] [Server thread/INFO]: [DynaShop] Placeholders enregistrés avec PlaceholderAPI !
[22:08:53] [Server thread/WARN]: [DynaShop] NBT-API n'est pas installé ou n'est pas chargé. Le plugin DynaShop ne peut pas fonctionner sans NBT-API.
[22:08:53] [Server thread/INFO]: [DynaShop] Disabling ShopGUIPlus-DynaShop v1.7.0
[22:08:53] [Server thread/INFO]: [DynaShop] Arrêt du système de stockage FlatFile...
[22:08:53] [Server thread/INFO]: [DynaShop] Système de stockage FlatFile arrêté avec succès
[22:08:53] [Server thread/INFO]: [MCPets] Enabling MCPets v4.1.5-SNAPSHOT
[22:08:53] [Server thread/INFO]: [MCPets] : Language file reloaded.
[22:08:53] [Server thread/INFO]: [MCPets] : Blacklist file reloaded.
[22:08:53] [Server thread/INFO]: Loading pets... 
[22:08:53] [Server thread/INFO]:   - bs_vm_armadillo loaded succesfully.
[22:08:53] [Server thread/INFO]:   - bs_vm_crab loaded succesfully.
[22:08:53] [Server thread/INFO]:   - bs_vm_penguin loaded succesfully.
[22:08:53] [Server thread/INFO]:   - Orc_Boar loaded succesfully.
[22:08:53] [Server thread/INFO]: [MCPets] : 4 pets registered successfully !
[22:08:53] [Server thread/INFO]: [MCPets] : 0 categories registered successfully !
[22:08:53] [Server thread/ERROR]: [MCPets] Could not reach SQL database. Please configure your database parameters.
[22:08:53] [Server thread/INFO]: [MCPets] [Database] Can't initialize MySQL.
[22:08:53] [Server thread/INFO]: [MCPets] [Database] Will be using YAML support instead (no worry it's not a bug).
[22:08:53] [Server thread/INFO]: -=-=-=-= MCPets loaded =-=-=-=-
[22:08:53] [Server thread/INFO]:       Plugin made by Nocsy     
[22:08:53] [Server thread/INFO]: -=-=-=-= -=-=-=-=-=-=- =-=-=-=-
[22:08:53] [Server thread/INFO]: -=- Launching Flags -=-
[22:08:53] [Server thread/INFO]: [MCPets] : Starting flag mcpets-dismount.
[22:08:53] [Server thread/INFO]: [MCPets] : Starting flag mcpets-despawn.
[22:08:53] [Server thread/INFO]: [MCPets] : Starting flag mcpets-dismount-flying.
[22:08:53] [Server thread/INFO]: 3 flags launched.
[22:08:53] [Server thread/INFO]: [CustomNameplates] Enabling CustomNameplates v3.0.36
[22:08:54] [Server thread/INFO]: [PlaceholderAPI] Successfully registered internal expansion: nameplates [3.0]
[22:08:54] [Server thread/INFO]: [PlaceholderAPI] Successfully registered internal expansion: npex [3.0]
[22:08:57] [Server thread/INFO]: [CustomFishing] Enabling CustomFishing v2.3.20
[22:08:57] [nameplates-worker-2/INFO]: [CustomNameplates] You are using the latest version.
[22:08:58] [Server thread/INFO]: [CustomFishing] Nexo hooked!
[22:08:58] [Server thread/INFO]: [CustomFishing] MMOItems hooked!
[22:08:58] [Server thread/INFO]: [CustomFishing] MythicMobs hooked!
[22:08:58] [Server thread/INFO]: [CustomFishing] EcoJobs hooked!
[22:08:58] [Server thread/INFO]: [CustomFishing] MMOCore hooked!
[22:08:58] [Server thread/INFO]: [CustomFishing] Vault hooked!
[22:08:58] [Server thread/INFO]: [CustomFishing] WorldGuard hooked!
[22:08:58] [Server thread/INFO]: [CustomFishing] PlaceholderAPI hooked!
[22:08:58] [Server thread/INFO]: [PlaceholderAPI] Successfully registered internal expansion: customfishing [2.2]
[22:08:58] [Server thread/INFO]: [PlaceholderAPI] Successfully registered internal expansion: cfcompetition [2.2]
[22:08:58] [Server thread/INFO]: [PlaceholderAPI] Successfully registered internal expansion: fishingstats [2.2]
[22:08:58] [Server thread/INFO]: [CustomFishing] ShopGUIPlus hooked!
[22:08:58] [Server thread/INFO]: [AxGraves] Enabling AxGraves v1.26.0
[22:08:59] [Server thread/INFO]: [PlaceholderAPI] Successfully registered internal expansion: axgraves [1.26.0]
[22:08:59] [Server thread/INFO]: [voicechat] Enabling voicechat v2.6.11
[22:08:59] [Server thread/INFO]: [voicechat] Initializing compatibility for version 1.21.4-R0.1
[22:08:59] [Server thread/INFO]: [voicechat] Compatibility version 20
[22:08:59] [Server thread/INFO]: [voicechat] Successfully initialized commodore command completion
[22:08:59] [Server thread/INFO]: [PlaceholderAPI] Successfully registered internal expansion: voicechat [2.6.11]
[22:08:59] [Server thread/INFO]: [voicechat] Successfully registered PlaceholderAPI expansion
[22:08:59] [Server thread/INFO]: [Chunker] Enabling Chunker v1.21
[22:08:59] [Server thread/INFO]: Available Processors: 4
[22:08:59] [Server thread/INFO]: Folia not detected: Running in standard mode.
[22:08:59] [Server thread/INFO]: [AxVaults] Enabling AxVaults v2.12.0
[22:08:59] [Server thread/INFO]: [AxVaults] Hooked into PlaceholderAPI!
[22:09:00] [Server thread/INFO]: [AxVaults] Loaded plugin!
[22:09:00] [Server thread/INFO]: [[38;5;11m⚡[0m] Enabling LagFixer v1.5.1.9 [build 140]
[22:09:00] [Server thread/INFO]: [[38;5;11m⚡[0m] Remember to leave a rating! ★ ★ ★ ★ ★





LagFixer 1.5.1.9 [build 140] - Best Performance Solution!
░░░░░░░░░░░░░░░░░░░░░░░░░░░░░░░░░░░░░░░░░░░░░░░░░░░░░░░░░░░░░░░░
░██╗░░░░░░█████╗░░██████╗░░░███████╗██╗██╗░░██╗███████╗██████╗░░
░██║░░░░░██╔══██╗██╔════╝░░░██╔════╝██║╚██╗██╔╝██╔════╝██╔══██╗░
░██║░░░░░███████║██║░░██╗░░░█████╗░░██║░╚███╔╝░█████╗░░██████╔╝░
░██║░░░░░██╔══██║██║░░╚██╗░░██╔══╝░░██║░██╔██╗░██╔══╝░░██╔══██╗░
░███████╗██║░░██║╚██████╔╝░░██║░░░░░██║██╔╝╚██╗███████╗██║░░██║░
░╚══════╝╚═╝░░╚═╝░╚═════╝░░░╚═╝░░░░░╚═╝╚═╝░░╚═╝╚══════╝╚═╝░░╚═╝░
░░░░░░░░░░░░░░░░░░░░░░░░░░░░░░░░░░░░░░░░░░░░░░░░░░░░░░░░░░░░░░░░





[22:09:00] [Server thread/INFO]: [[38;5;11m⚡[0m] (ErrorsManager) -> Enabling manager...
[22:09:00] [Server thread/INFO]: [[38;5;11m⚡[0m]  • Started listening console for LagFixer errors!
[22:09:00] [Server thread/INFO]: [[38;5;11m⚡[0m] (ErrorsManager) -> Enabled manager in 1ms!
[22:09:00] [Server thread/INFO]: [[38;5;11m⚡[0m] (ConfigManager) -> Enabling manager...
[22:09:00] [Server thread/INFO]: [[38;5;11m⚡[0m] (ConfigManager) -> Enabled manager in 62ms!
[22:09:00] [Server thread/INFO]: [[38;5;11m⚡[0m] (SupportManager) -> Enabling manager...
[22:09:00] [Server thread/INFO]: [[38;5;11m⚡[0m]  • Loaded fork support ~ xyz.lychee.lagfixer.support.PaperSupport
[22:09:00] [Server thread/INFO]: [[38;5;11m⚡[0m]  • Loaded nms support ~ xyz.lychee.lagfixer.nms.v1_21_R3.SupportNms
[22:09:00] [Server thread/INFO]: [[38;5;11m⚡[0m] (SupportManager) -> Enabled manager in 10ms!
[22:09:00] [Server thread/INFO]: [[38;5;11m⚡[0m] (HookManager) -> Enabling manager...
[22:09:00] [Server thread/INFO]: [[38;5;11m⚡[0m]  • Successfully loaded hook MythicMobs in 0ms!
[22:09:00] [Server thread/INFO]: [[38;5;11m⚡[0m]  • Successfully loaded hook ModelEngine in 0ms!
[22:09:00] [Server thread/INFO]: [PlaceholderAPI] Successfully registered internal expansion: lagfixer [1.5.1.9 [build 140]]
[22:09:00] [Server thread/INFO]: [[38;5;11m⚡[0m]  • Successfully loaded hook PlaceholderAPI in 2ms!
[22:09:00] [Server thread/INFO]: [[38;5;11m⚡[0m] (HookManager) -> Enabled manager in 2ms!
[22:09:00] [Server thread/INFO]: [[38;5;11m⚡[0m] (MetricsManager) -> Enabling manager...
[22:09:00] [Server thread/INFO]: [[38;5;11m⚡[0m] (MetricsManager) -> Enabled manager in 3ms!
[22:09:00] [Server thread/INFO]: [[38;5;11m⚡[0m] (UpdaterManager) -> Enabling manager...
[22:09:00] [Server thread/INFO]: [[38;5;11m⚡[0m] (UpdaterManager) -> Enabled manager in 1ms!
[22:09:00] [Server thread/INFO]: [[38;5;11m⚡[0m] (ModuleManager) -> Enabling manager...
[22:09:00] [Server thread/INFO]: [[38;5;11m⚡[0m]  • Successfully loaded module RedstoneLimiter in 5ms.
[22:09:00] [Server thread/INFO]: [[38;5;11m⚡[0m]  • Successfully loaded module InstantLeafDecay in 5ms.
[22:09:00] [Server thread/INFO]: [[38;5;11m⚡[0m]  • Successfully loaded module WorldCleaner in 6ms.
[22:09:00] [Server thread/INFO]: [[38;5;11m⚡[0m]  • Successfully loaded module LagShield in 5ms.
[22:09:00] [Server thread/INFO]: [[38;5;11m⚡[0m]  • Successfully loaded module ExplosionOptimizer in 2ms.
[22:09:00] [Server thread/INFO]: [[38;5;11m⚡[0m]  • Successfully loaded module MobAiReducer in 8ms.
[22:09:00] [Server thread/INFO]: [[38;5;11m⚡[0m]  • Successfully loaded module EntityLimiter in 2ms.
[22:09:00] [Server thread/INFO]: [[38;5;11m⚡[0m]  • Successfully loaded module AbilityLimiter in 2ms.
[22:09:00] [Server thread/INFO]: [[38;5;11m⚡[0m] (ModuleManager) -> Enabled manager in 72ms!
[22:09:00] [Server thread/INFO]: [[38;5;11m⚡[0m] (CommandManager) -> Enabling manager...
[22:09:00] [Server thread/INFO]: [[38;5;11m⚡[0m] (CommandManager) -> Enabled manager in 118ms!
[22:09:00] [Server thread/INFO]: [[38;5;11m⚡[0m] Remember to leave a rating! ★ ★ ★ ★ ★
[22:09:00] [Server thread/INFO]: [[38;5;11m⚡[0m] ❤ Support us https://ko-fi.com/lajczik
[22:09:00] [Server thread/INFO]: [BetterView] Enabling BetterView v2.1.2
[22:09:00] [Server thread/INFO]: [HuskHomes] Enabling HuskHomes v4.9.10
[22:09:00] [Server thread/INFO]: [PlaceholderAPI] Successfully registered internal expansion: huskhomes [4.9.10]
[22:09:00] [Server thread/INFO]: [HuskHomes] Registered 'on_enable' hooks
[22:09:00] [Server thread/INFO]: [HuskHomes] Successfully enabled HuskHomes v4.9.10
[22:09:01] [Server thread/INFO]: [PhoenixCrates] Enabling PhoenixCrates v4.2.3
[22:09:01] [Server thread/INFO]: Loading cross version adapter...
[22:09:01] [Server thread/WARN]: [org.bukkit.craftbukkit.legacy.CraftLegacy] Initializing Legacy Material Support. Unless you have legacy plugins and/or data this is a bug!
[22:09:08] [Server thread/INFO]:   ____    ____                               
[22:09:08] [Server thread/INFO]:  |  _ \  / ___|                              
[22:09:08] [Server thread/INFO]:  | |_) || |       Phoenix Crates v4.2.3      
[22:09:08] [Server thread/INFO]:  |  __/ | |___    https://phoenixplugins.com/
[22:09:08] [Server thread/INFO]:  |_|     \____|                             
[22:09:08] [Server thread/INFO]:                                                  
[22:09:08] [Server thread/INFO]: Loading settings...
[22:09:08] [Server thread/INFO]: Loading file "config.yml".
[22:09:08] [Server thread/INFO]: File "config.yml" is up to date. Importing configurations.
[22:09:08] [Server thread/INFO]: Validating license...
[22:09:08] [Server thread/INFO]: Great news! Your license is valid and active. Enjoy full access to all the features and benefits of this plugin.
[22:09:08] [Server thread/INFO]: No new version available!
[22:09:08] [Server thread/INFO]: MiniMessage founded. Preparing hook...
[22:09:08] [Server thread/INFO]: Checking for internal patchs...
[22:09:08] [Server thread/INFO]: [PhoenixCrates] Current patch: #202506251725
[22:09:08] [Server thread/INFO]: [PhoenixCrates] No patches to run.
[22:09:08] [Server thread/INFO]: Vault founded. Preparing Economy...
[22:09:08] [Server thread/INFO]: Placeholder API founded. Preparing placeholders...
[22:09:08] [Server thread/INFO]: [PlaceholderAPI] Successfully registered internal expansion: phoenixcrates [1.0.0]
[22:09:08] [Server thread/INFO]: Model Engine founded. Preparing model engine...
[22:09:08] [Server thread/INFO]: Loading components...
[22:09:08] [Server thread/INFO]: Loading database...
[22:09:08] [Server thread/INFO]: Initializing sqlite database provider...
[22:09:08] [Server thread/WARN]: 6 [Server thread] INFO com.phoenixplugins.phoenixcrates.lib.hikari.HikariDataSource - CyberSQLitePool - Starting...
[22:09:08] [Server thread/WARN]: 23 [Server thread] INFO com.phoenixplugins.phoenixcrates.lib.hikari.HikariDataSource - CyberSQLitePool - Start completed.
[22:09:08] [Server thread/INFO]: Loading menus...
[22:09:08] [Server thread/INFO]: Loading file "menus/default_rewards_preview.yml".
[22:09:08] [Server thread/INFO]: File "menus/default_rewards_preview.yml" is up to date. Importing configurations.
[22:09:08] [Server thread/INFO]: Loading file "menus/default_crate_reroll.yml".
[22:09:08] [Server thread/INFO]: File "menus/default_crate_reroll.yml" is up to date. Importing configurations.
[22:09:08] [Server thread/INFO]: Loading file "menus/default_select_reward.yml".
[22:09:08] [Server thread/INFO]: File "menus/default_select_reward.yml" is up to date. Importing configurations.
[22:09:08] [Server thread/INFO]: Loading players data...
[22:09:08] [Server thread/INFO]: Loading keys...
[22:09:08] [Server thread/INFO]: No resource with the name "key.yml" founded.
[22:09:08] [Server thread/INFO]: Loading file "keys/example2.yml".
[22:09:08] [Server thread/INFO]: File "keys/example2.yml" is up to date. Importing configurations.
[22:09:08] [Server thread/INFO]: No resource with the name "key.yml" founded.
[22:09:08] [Server thread/INFO]: Loading file "keys/example3.yml".
[22:09:08] [Server thread/INFO]: File "keys/example3.yml" is up to date. Importing configurations.
[22:09:08] [Server thread/INFO]: No resource with the name "key.yml" founded.
[22:09:08] [Server thread/INFO]: Loading file "keys/example1.yml".
[22:09:08] [Server thread/INFO]: File "keys/example1.yml" is up to date. Importing configurations.
[22:09:08] [Server thread/INFO]: Loaded 3 keys.
[22:09:08] [Server thread/INFO]: Loading crates...
[22:09:08] [Server thread/INFO]: Loading file "locations.yml".
[22:09:08] [Server thread/INFO]: File "locations.yml" is up to date. Importing configurations.
[22:09:08] [Server thread/INFO]: Loading file "crates/example4.yml".
[22:09:08] [Server thread/INFO]: File "crates/example4.yml" is up to date. Importing configurations.
[22:09:08] [Server thread/INFO]: Loading file "crates/example2.yml".
[22:09:08] [Server thread/INFO]: File "crates/example2.yml" is up to date. Importing configurations.
[22:09:08] [Server thread/INFO]: Loading file "crates/example3.yml".
[22:09:08] [Server thread/INFO]: File "crates/example3.yml" is up to date. Importing configurations.
[22:09:08] [Server thread/INFO]: Loading file "crates/example1.yml".
[22:09:08] [Server thread/INFO]: File "crates/example1.yml" is up to date. Importing configurations.
[22:09:08] [Server thread/INFO]: Loaded 4 types.
[22:09:08] [Server thread/INFO]: Loaded 0 crates.
[22:09:08] [Server thread/INFO]: Loading commands...
[22:09:08] [Server thread/INFO]: Enabling extension Extension-cc40d2f8-96fb-4c9c-b772-302220934049
[22:09:08] [Server thread/INFO]: Loading file "logger.yml".
[22:09:08] [Server thread/INFO]: File "logger.yml" is up to date. Importing configurations.
[22:09:08] [Server thread/INFO]: 
[22:09:08] [Server thread/INFO]: Plugin loaded successfully!
[22:09:08] [Server thread/INFO]: [Any questions or problems that may arise, contact us through
[22:09:08] [Server thread/INFO]: the website or our discord: https://phoenixplugins.com/discord]
[22:09:08] [Server thread/INFO]: 
[22:09:08] [Server thread/INFO]: [ChatManager] Enabling ChatManager v4.0.3
[22:09:08] [Server thread/INFO]: [PlaceholderAPI] Successfully registered internal expansion: chatmanager [4.0.3]
[22:09:08] [Server thread/INFO]: [InteractionVisualizer] Enabling InteractionVisualizer v1.18.19.0
[22:09:11] [Server thread/INFO]: [InteractionVisualizer] Opened Sqlite database successfully
[22:09:16] [Server thread/INFO]: [PlaceholderAPI] Successfully registered internal expansion: interactionvisualizer [2.0.0]
[22:09:16] [Server thread/INFO]: [InteractionVisualizer] InteractionVisualizer has been enabled!
[22:09:16] [Server thread/INFO]: [AxAFKZone] Enabling AxAFKZone v1.9.0
[22:09:16] [Server thread/INFO]: [BetterRTPAddons] Enabling BetterRTPAddons v1.8.10
[22:09:16] [Server thread/INFO]: [AxTrade] Enabling AxTrade v1.21.2
[22:09:16] [Server thread/INFO]: [AxTrade] Hooked into Vault!
[22:09:16] [Server thread/INFO]: [AxTrade] Hooked into AxQuestBoard!
[22:09:17] [Server thread/INFO]: [AxTrade] Loaded plugin!
[22:09:17] [Server thread/INFO]: [PlaceholderAPI] Successfully registered internal expansion: axtrade [1.21.2]
[22:09:17] [Server thread/INFO]: [libreforge] Enabling libreforge v4.76.1
[22:09:17] [Server thread/INFO]: [libreforge] Loading libreforge
[22:09:17] [Server thread/INFO]: [PlaceholderAPI] Successfully registered internal expansion: libreforge [4.76.1]
[22:09:17] [Server thread/INFO]: [libreforge] Loaded integrations: AxTrade, TAB, FancyNpcs, CustomFishing, ModelEngine, Vault, WorldGuard
[22:09:17] [Server thread/INFO]: [libreforge] 
[22:09:17] [Server thread/INFO]: [libreforge] Hey, what's this plugin doing here? I didn't install it!
[22:09:17] [Server thread/INFO]: [libreforge] libreforge is the effects system for plugins like EcoEnchants,
[22:09:17] [Server thread/INFO]: [libreforge] EcoJobs, EcoItems, etc. If you're looking for config options for
[22:09:17] [Server thread/INFO]: [libreforge] things like cooldown messages, lrcdb, and stuff like that, you'll
[22:09:17] [Server thread/INFO]: [libreforge] find it under /plugins/libreforge
[22:09:17] [Server thread/INFO]: [libreforge] 
[22:09:17] [Server thread/INFO]: [libreforge] Don't worry about updating libreforge, it's handled automatically!
[22:09:17] [Server thread/INFO]: [libreforge] 
[22:09:17] [Server thread/INFO]: [spark] Starting background profiler...
[22:09:18] [Server thread/INFO]: [PlaceholderAPI] Placeholder expansion registration initializing...
[22:09:18] [Server thread/INFO]: [BetterHud] Minecraft version: 1.21.4, NMS version: V1_21_R3
[22:09:18] [Server thread/INFO]: [BetterHud] Platform: Paper
[22:09:18] [Server thread/INFO]: [BetterHud] Plugin enabled.
[22:09:18] [Server thread/INFO]: Done preparing level "world" (48.097s)
[22:09:18] [Server thread/INFO]: Running delayed init tasks
[22:09:18] [ForkJoinPool.commonPool-worker-2/INFO]: [ModelEngine] [A] 
[22:09:18] [ForkJoinPool.commonPool-worker-2/INFO]: [ModelEngine] [A] [Importing models]
[22:09:18] [Craft Scheduler Thread - 15 - zAuctionHouseV3/INFO]: [zAuctionHouseV3] The database connection is valid ! (192.168.10.10)
[22:09:18] [ForkJoinPool.commonPool-worker-2/INFO]: Nexo | Awaiting ModelEngine ResourcePack...
[22:09:18] [ForkJoinPool.commonPool-worker-2/INFO]: [ModelEngine] [A] Loading cache version: R4.0.8
[22:09:18] [Craft Scheduler Thread - 15 - zAuctionHouseV3/INFO]: [zAuctionHouseV3 v3.2.2.9] Loading items
[22:09:18] [Craft Scheduler Thread - 15 - zAuctionHouseV3/INFO]: [zAuctionHouseV3 v3.2.2.9] Loading transactions
[22:09:18] [Craft Scheduler Thread - 8 - EcoEnchants/WARN]: [EcoEnchants] EcoEnchants is out of date! (Version 12.23.1)
[22:09:18] [Craft Scheduler Thread - 8 - EcoEnchants/WARN]: [EcoEnchants] The newest version is 12.27.0
[22:09:18] [Craft Scheduler Thread - 8 - EcoEnchants/WARN]: [EcoEnchants] Download the new version!
[22:09:18] [Server thread/INFO]: [com.fastasyncworldedit.bukkit.regions.WorldGuardFeature] Plugin 'WorldGuard' found. Using it now.
[22:09:18] [Server thread/INFO]: [com.fastasyncworldedit.bukkit.FaweBukkit] Attempting to use plugin 'WorldGuard'
[22:09:18] [pool-102-thread-1/INFO]: [zAuctionHouseV3 v3.2.2.9] Loading of items successfully completed.
[22:09:18] [pool-102-thread-2/INFO]: [zAuctionHouseV3 v3.2.2.9] Loading of transactions successfully completed.
[22:09:18] [Craft Scheduler Thread - 6 - EcoJobs/WARN]: [EcoJobs] EcoJobs is out of date! (Version 3.74.1)
[22:09:18] [Craft Scheduler Thread - 6 - EcoJobs/WARN]: [EcoJobs] The newest version is 3.78.0
[22:09:18] [Craft Scheduler Thread - 6 - EcoJobs/WARN]: [EcoJobs] Download the new version!
[22:09:18] [Craft Scheduler Thread - 4 - eco/WARN]: [eco] eco is out of date! (Version 6.76.2)
[22:09:18] [Craft Scheduler Thread - 4 - eco/WARN]: [eco] The newest version is 6.77.3
[22:09:18] [Craft Scheduler Thread - 4 - eco/WARN]: [eco] Download the new version!
[22:09:18] [Server thread/INFO]: Nexo | PackServer set to LOBFILE
[22:09:18] [pool-29-thread-5/INFO]: [ModelEngine] [A] 
[22:09:18] [pool-29-thread-5/INFO]: [ModelEngine] [A] Importing bee_loot.bbmodel.
[22:09:18] [pool-29-thread-8/INFO]: [ModelEngine] [A] 
[22:09:18] [pool-29-thread-8/INFO]: [ModelEngine] [A] Importing bs_vm_crab.bbmodel.
[22:09:18] [pool-29-thread-10/INFO]: [ModelEngine] [A] 
[22:09:18] [pool-29-thread-10/INFO]: [ModelEngine] [A] Importing crimson_skeleton.bbmodel.
[22:09:18] [pool-29-thread-9/INFO]: [ModelEngine] [A] 
[22:09:18] [pool-29-thread-9/INFO]: [ModelEngine] [A] Importing bs_vm_penguin.bbmodel.
[22:09:18] [pool-29-thread-3/INFO]: [ModelEngine] [A] 
[22:09:18] [pool-29-thread-3/INFO]: [ModelEngine] [A] Importing bee_egg.bbmodel.
[22:09:18] [pool-29-thread-4/INFO]: [ModelEngine] [A] 
[22:09:18] [pool-29-thread-4/INFO]: [ModelEngine] [A] Importing bee_egg2.bbmodel.
[22:09:18] [pool-29-thread-7/INFO]: [ModelEngine] [A] 
[22:09:18] [pool-29-thread-7/INFO]: [ModelEngine] [A] Importing bs_vm_armadillo.bbmodel.
[22:09:18] [pool-29-thread-1/INFO]: [ModelEngine] [A] 
[22:09:18] [pool-29-thread-1/INFO]: [ModelEngine] [A] Importing BeeMinion.bbmodel.
[22:09:18] [pool-29-thread-6/INFO]: [ModelEngine] [A] 
[22:09:18] [pool-29-thread-6/INFO]: [ModelEngine] [A] Importing blaze_king.bbmodel.
[22:09:18] [pool-29-thread-7/INFO]: [ModelEngine] [A] 
[22:09:18] [pool-29-thread-7/INFO]: [ModelEngine] [A] Importing empowered_enderling.bbmodel.
[22:09:18] [pool-29-thread-2/INFO]: [ModelEngine] [A] 
[22:09:18] [pool-29-thread-2/INFO]: [ModelEngine] [A] Importing QueenBee.bbmodel.
[22:09:18] [pool-29-thread-4/INFO]: [ModelEngine] [A] 
[22:09:18] [pool-29-thread-4/INFO]: [ModelEngine] [A] Importing empowered_enderbruiser.bbmodel.
[22:09:18] [pool-29-thread-9/INFO]: [ModelEngine] [A] 
[22:09:18] [pool-29-thread-9/INFO]: [ModelEngine] [A] Importing empowered_ender_crawler.bbmodel.
[22:09:18] [pool-29-thread-5/INFO]: [ModelEngine] [A] 
[22:09:18] [pool-29-thread-5/INFO]: [ModelEngine] [A] Importing dark_imp.bbmodel.
[22:09:18] [Craft Scheduler Thread - 5 - BlueSlimeCore/INFO]: [Blue Slime Core]  
[22:09:18] [Craft Scheduler Thread - 5 - BlueSlimeCore/INFO]: [Blue Slime Core] [Update Checker] There are no updates available for plugin 'BlueSlimeCore'.
[22:09:18] [pool-29-thread-9/INFO]: [ModelEngine] [A] 
[22:09:18] [pool-29-thread-9/INFO]: [ModelEngine] [A] Importing enderbruiser.bbmodel.
[22:09:18] [pool-29-thread-7/INFO]: [ModelEngine] [A] 
[22:09:18] [pool-29-thread-7/INFO]: [ModelEngine] [A] Importing end_wraith.bbmodel.
[22:09:18] [Craft Scheduler Thread - 13 - zAuctionHouseV3/INFO]: [zAuctionHouseV3 v3.2.2.9] New update available. Your version: 3.2.2.9, latest version: 3.2.4.3
[22:09:18] [Craft Scheduler Thread - 13 - zAuctionHouseV3/INFO]: [zAuctionHouseV3 v3.2.2.9] Download plugin here: https://groupez.dev/resources/1
[22:09:18] [pool-29-thread-5/INFO]: [ModelEngine] [A] 
[22:09:18] [Craft Scheduler Thread - 9 - zMenu/INFO]: [zMenu v1.0.3.7] New update available. Your version: 1.0.3.7, latest version: 1.1.0.9
[22:09:18] [Craft Scheduler Thread - 9 - zMenu/INFO]: [zMenu v1.0.3.7] Download plugin here: https://groupez.dev/resources/253
[22:09:18] [pool-29-thread-5/INFO]: [ModelEngine] [A] Importing enderling.bbmodel.
[22:09:18] [pool-29-thread-2/INFO]: [ModelEngine] [A] 
[22:09:18] [pool-29-thread-2/INFO]: [ModelEngine] [A] Importing ender_crawler.bbmodel.
[22:09:18] [pool-29-thread-10/INFO]: [ModelEngine] [A] 
[22:09:18] [pool-29-thread-10/INFO]: [ModelEngine] [A] Importing empowered_end_wraith.bbmodel.
[22:09:18] [pool-29-thread-6/INFO]: [ModelEngine] [A] 
[22:09:18] [pool-29-thread-6/INFO]: [ModelEngine] [A] Importing end_strider.bbmodel.
[22:09:18] [pool-29-thread-10/INFO]: [ModelEngine] [A] 
[22:09:18] [pool-29-thread-10/INFO]: [ModelEngine] [A] Importing ero_vfx_fed_b.bbmodel.
[22:09:18] [pool-29-thread-10/WARN]: [ModelEngine] [A] --Warning: Missing hitbox.
[22:09:18] [pool-29-thread-6/INFO]: [ModelEngine] [A] 
[22:09:18] [pool-29-thread-6/INFO]: [ModelEngine] [A] Importing ero_vfx_red_zone.bbmodel.
[22:09:18] [pool-29-thread-6/WARN]: [ModelEngine] [A] --Warning: Missing hitbox.
[22:09:18] [pool-29-thread-2/INFO]: [ModelEngine] [A] 
[22:09:18] [pool-29-thread-2/INFO]: [ModelEngine] [A] Importing ero_vfx_fed_a.bbmodel.
[22:09:18] [pool-29-thread-2/WARN]: [ModelEngine] [A] --Warning: Missing hitbox.
[22:09:18] [pool-29-thread-3/INFO]: [ModelEngine] [A] 
[22:09:18] [pool-29-thread-3/INFO]: [ModelEngine] [A] Importing empowered_ender_watchman.bbmodel.
[22:09:18] [pool-29-thread-6/INFO]: [ModelEngine] [A] 
[22:09:18] [pool-29-thread-6/INFO]: [ModelEngine] [A] Importing ero_vfx_slash_ag.bbmodel.
[22:09:18] [pool-29-thread-10/INFO]: [ModelEngine] [A] 
[22:09:18] [pool-29-thread-10/INFO]: [ModelEngine] [A] Importing ero_vfx_slash2_ag.bbmodel.
[22:09:18] [pool-29-thread-2/INFO]: [ModelEngine] [A] 
[22:09:18] [pool-29-thread-2/INFO]: [ModelEngine] [A] Importing ero_vfx_stone_crack.bbmodel.
[22:09:18] [pool-29-thread-2/WARN]: [ModelEngine] [A] --Warning: Missing hitbox.
[22:09:18] [pool-29-thread-4/INFO]: [ModelEngine] [A] 
[22:09:18] [pool-29-thread-4/INFO]: [ModelEngine] [A] Importing ender_watchman.bbmodel.
[22:09:18] [pool-29-thread-4/INFO]: [ModelEngine] [A] 
[22:09:18] [pool-29-thread-4/INFO]: [ModelEngine] [A] Importing hv_selenia_dagger.bbmodel.
[22:09:18] [pool-29-thread-4/INFO]: [ModelEngine] [A] 
[22:09:18] [pool-29-thread-4/INFO]: [ModelEngine] [A] Importing hv_selenia_eruption_vfx.bbmodel.
[22:09:18] [pool-29-thread-3/INFO]: [ModelEngine] [A] 
[22:09:18] [pool-29-thread-3/INFO]: [ModelEngine] [A] Importing ero_vfx_stone_up.bbmodel.
[22:09:18] [pool-29-thread-3/WARN]: [ModelEngine] [A] --Warning: Missing hitbox.
[22:09:18] [pool-29-thread-4/INFO]: [ModelEngine] [A] 
[22:09:18] [pool-29-thread-4/INFO]: [ModelEngine] [A] Importing lava_mite.bbmodel.
[22:09:18] [pool-29-thread-4/INFO]: [ModelEngine] [A] 
[22:09:18] [pool-29-thread-4/INFO]: [ModelEngine] [A] Importing lost_soul.bbmodel.
[22:09:18] [pool-29-thread-6/INFO]: [ModelEngine] [A] 
[22:09:18] [pool-29-thread-6/INFO]: [ModelEngine] [A] Importing fire_imp.bbmodel.
[22:09:18] [pool-29-thread-3/INFO]: [ModelEngine] [A] 
[22:09:18] [pool-29-thread-3/INFO]: [ModelEngine] [A] Importing lava_piranha.bbmodel.
[22:09:18] [pool-29-thread-8/INFO]: [ModelEngine] [A] 
[22:09:18] [pool-29-thread-8/INFO]: [ModelEngine] [A] Importing empowered_end_strider.bbmodel.
[22:09:18] [pool-29-thread-6/INFO]: [ModelEngine] [A] 
[22:09:18] [pool-29-thread-6/INFO]: [ModelEngine] [A] Importing mender_cascadebolt_impact.bbmodel.
[22:09:18] [pool-29-thread-6/WARN]: [ModelEngine] [A] --Warning: Missing hitbox.
[22:09:18] [pool-29-thread-4/INFO]: [ModelEngine] [A] 
[22:09:18] [pool-29-thread-4/INFO]: [ModelEngine] [A] Importing mender_cascadebolt.bbmodel.
[22:09:18] [pool-29-thread-4/WARN]: [ModelEngine] [A] --Warning: Missing hitbox.
[22:09:18] [pool-29-thread-4/INFO]: [ModelEngine] [A] 
[22:09:18] [pool-29-thread-4/INFO]: [ModelEngine] [A] Importing mender_cascadebolt_split2_impact.bbmodel.
[22:09:18] [pool-29-thread-4/WARN]: [ModelEngine] [A] --Warning: Missing hitbox.
[22:09:18] [pool-29-thread-8/INFO]: [ModelEngine] [A] 
[22:09:18] [pool-29-thread-8/INFO]: [ModelEngine] [A] Importing mender_cascadebolt_shoot.bbmodel.
[22:09:18] [pool-29-thread-8/WARN]: [ModelEngine] [A] --Warning: Missing hitbox.
[22:09:18] [pool-29-thread-6/INFO]: [ModelEngine] [A] 
[22:09:18] [pool-29-thread-6/INFO]: [ModelEngine] [A] Importing mender_cascadebolt_split2.bbmodel.
[22:09:18] [pool-29-thread-6/WARN]: [ModelEngine] [A] --Warning: Missing hitbox.
[22:09:18] [pool-29-thread-3/INFO]: [ModelEngine] [A] 
[22:09:18] [pool-29-thread-3/INFO]: [ModelEngine] [A] Importing mender_cascadebolt_lg.bbmodel.
[22:09:18] [pool-29-thread-3/WARN]: [ModelEngine] [A] --Warning: Missing hitbox.
[22:09:18] [pool-29-thread-10/INFO]: [ModelEngine] [A] 
[22:09:18] [pool-29-thread-10/INFO]: [ModelEngine] [A] Importing hell_hound.bbmodel.
[22:09:18] [pool-29-thread-10/INFO]: [ModelEngine] [A] 
[22:09:18] [pool-29-thread-10/INFO]: [ModelEngine] [A] Importing mender_spiritbolt_impact.bbmodel.
[22:09:18] [pool-29-thread-10/WARN]: [ModelEngine] [A] --Warning: Missing hitbox.
[22:09:18] [pool-29-thread-9/INFO]: [ModelEngine] [A] 
[22:09:18] [pool-29-thread-9/INFO]: [ModelEngine] [A] Importing endermauler.bbmodel.
[22:09:18] [pool-29-thread-3/INFO]: [ModelEngine] [A] 
[22:09:18] [pool-29-thread-3/INFO]: [ModelEngine] [A] Importing mender_spiritbolt.bbmodel.
[22:09:18] [pool-29-thread-3/WARN]: [ModelEngine] [A] --Warning: Eye height is below 0. Entity might suffocate.
[22:09:18] [pool-29-thread-4/INFO]: [ModelEngine] [A] 
[22:09:18] [pool-29-thread-4/INFO]: [ModelEngine] [A] Importing mender_lifebound.bbmodel.
[22:09:18] [pool-29-thread-4/WARN]: [ModelEngine] [A] --Warning: Missing hitbox.
[22:09:18] [pool-29-thread-8/INFO]: [ModelEngine] [A] 
[22:09:18] [pool-29-thread-8/INFO]: [ModelEngine] [A] Importing mender_lifeweavers_grace.bbmodel.
[22:09:18] [pool-29-thread-8/WARN]: [ModelEngine] [A] --Warning: Missing hitbox.
[22:09:18] [pool-29-thread-3/INFO]: [ModelEngine] [A] 
[22:09:18] [pool-29-thread-3/INFO]: [ModelEngine] [A] Importing nether_mushroom.bbmodel.
[22:09:18] [pool-29-thread-6/INFO]: [ModelEngine] [A] 
[22:09:18] [pool-29-thread-6/INFO]: [ModelEngine] [A] Importing mender_purging_light.bbmodel.
[22:09:18] [pool-29-thread-6/WARN]: [ModelEngine] [A] --Warning: Missing hitbox.
[22:09:18] [pool-29-thread-9/INFO]: [ModelEngine] [A] 
[22:09:18] [pool-29-thread-9/INFO]: [ModelEngine] [A] Importing nether_creeper.bbmodel.
[22:09:18] [pool-29-thread-1/INFO]: [ModelEngine] [A] 
[22:09:18] [pool-29-thread-1/INFO]: [ModelEngine] [A] Importing empowered_endermauler.bbmodel.
[22:09:18] [pool-29-thread-8/INFO]: [ModelEngine] [A] 
[22:09:18] [pool-29-thread-8/INFO]: [ModelEngine] [A] Importing nether_zombie.bbmodel.
[22:09:18] [pool-29-thread-4/INFO]: [ModelEngine] [A] 
[22:09:18] [pool-29-thread-4/INFO]: [ModelEngine] [A] Importing nether_scorpion.bbmodel.
[22:09:18] [pool-29-thread-10/INFO]: [ModelEngine] [A] 
[22:09:18] [pool-29-thread-10/INFO]: [ModelEngine] [A] Importing mender_vital_beam.bbmodel.
[22:09:18] [pool-29-thread-10/WARN]: [ModelEngine] [A] --Warning: Missing hitbox.
[22:09:18] [pool-29-thread-10/INFO]: [ModelEngine] [A] 
[22:09:18] [pool-29-thread-10/INFO]: [ModelEngine] [A] Importing orc_shield.bbmodel.
[22:09:19] [pool-29-thread-9/INFO]: [ModelEngine] [A] 
[22:09:19] [pool-29-thread-9/INFO]: [ModelEngine] [A] Importing orc_boar.bbmodel.
[22:09:19] [pool-29-thread-6/INFO]: [ModelEngine] [A] 
[22:09:19] [pool-29-thread-6/INFO]: [ModelEngine] [A] Importing orc_archer.bbmodel.
[22:09:19] [pool-29-thread-5/INFO]: [ModelEngine] [A] 
[22:09:19] [pool-29-thread-5/INFO]: [ModelEngine] [A] Importing ero_argos_two.bbmodel.
[22:09:19] [pool-29-thread-2/INFO]: [ModelEngine] [A] 
[22:09:19] [pool-29-thread-2/INFO]: [ModelEngine] [A] Importing hv_selenia.bbmodel.
[22:09:19] [pool-29-thread-6/INFO]: [ModelEngine] [A] 
[22:09:19] [pool-29-thread-6/INFO]: [ModelEngine] [A] Importing qmob_distortedball.bbmodel.
[22:09:19] [pool-29-thread-3/INFO]: [ModelEngine] [A] 
[22:09:19] [pool-29-thread-3/INFO]: [ModelEngine] [A] Importing netherman.bbmodel.
[22:09:19] [pool-29-thread-4/INFO]: [ModelEngine] [A] 
[22:09:19] [pool-29-thread-4/INFO]: [ModelEngine] [A] Importing orc_minion.bbmodel.
[22:09:19] [pool-29-thread-9/INFO]: [ModelEngine] [A] 
[22:09:19] [pool-29-thread-9/INFO]: [ModelEngine] [A] Importing qmob_defiledwatcher.bbmodel.
[22:09:19] [pool-29-thread-6/INFO]: [ModelEngine] [A] 
[22:09:19] [pool-29-thread-6/INFO]: [ModelEngine] [A] Importing qmob_endsnail.bbmodel.
[22:09:19] [pool-29-thread-3/INFO]: [ModelEngine] [A] 
[22:09:19] [pool-29-thread-3/INFO]: [ModelEngine] [A] Importing qmob_ghostfish.bbmodel.
[22:09:19] [pool-29-thread-1/INFO]: [ModelEngine] [A] 
[22:09:19] [pool-29-thread-1/INFO]: [ModelEngine] [A] Importing orc_giant.bbmodel.
[22:09:19] [pool-29-thread-2/INFO]: [ModelEngine] [A] 
[22:09:19] [pool-29-thread-2/INFO]: [ModelEngine] [A] Importing qmob_endermite.bbmodel.
[22:09:19] [pool-29-thread-5/INFO]: [ModelEngine] [A] 
[22:09:19] [pool-29-thread-5/INFO]: [ModelEngine] [A] Importing qmob_distortedwatcher.bbmodel.
[22:09:19] [pool-29-thread-1/INFO]: [ModelEngine] [A] 
[22:09:19] [pool-29-thread-1/INFO]: [ModelEngine] [A] Importing qmob_voidooze.bbmodel.
[22:09:19] [pool-29-thread-2/INFO]: [ModelEngine] [A] 
[22:09:19] [pool-29-thread-2/INFO]: [ModelEngine] [A] Importing queen_bee_egg.bbmodel.
[22:09:19] [pool-29-thread-1/INFO]: [ModelEngine] [A] 
[22:09:19] [pool-29-thread-1/INFO]: [ModelEngine] [A] Importing rogue_cutthroat_combo_dust.bbmodel.
[22:09:19] [pool-29-thread-1/WARN]: [ModelEngine] [A] --Warning: Missing hitbox.
[22:09:19] [pool-29-thread-9/INFO]: [ModelEngine] [A] 
[22:09:19] [pool-29-thread-9/INFO]: [ModelEngine] [A] Importing qmob_purpursentry.bbmodel.
[22:09:19] [pool-29-thread-5/INFO]: [ModelEngine] [A] 
[22:09:19] [pool-29-thread-5/INFO]: [ModelEngine] [A] Importing rogue_cutthroat_combo_dash.bbmodel.
[22:09:19] [pool-29-thread-5/WARN]: [ModelEngine] [A] --Warning: Missing hitbox.
[22:09:19] [pool-29-thread-2/INFO]: [ModelEngine] [A] 
[22:09:19] [pool-29-thread-2/INFO]: [ModelEngine] [A] Importing rogue_cutthroat_combo_part1.bbmodel.
[22:09:19] [pool-29-thread-2/WARN]: [ModelEngine] [A] --Warning: Missing hitbox.
[22:09:19] [pool-29-thread-4/INFO]: [ModelEngine] [A] 
[22:09:19] [pool-29-thread-4/INFO]: [ModelEngine] [A] Importing qmob_mobulus.bbmodel.
[22:09:19] [pool-29-thread-3/INFO]: [ModelEngine] [A] 
[22:09:19] [pool-29-thread-3/INFO]: [ModelEngine] [A] Importing qmob_swapper.bbmodel.
[22:09:19] [pool-29-thread-1/INFO]: [ModelEngine] [A] 
[22:09:19] [pool-29-thread-1/INFO]: [ModelEngine] [A] Importing rogue_cutthroat_combo_part2.bbmodel.
[22:09:19] [pool-29-thread-1/WARN]: [ModelEngine] [A] --Warning: Missing hitbox.
[22:09:19] [pool-29-thread-10/INFO]: [ModelEngine] [A] 
[22:09:19] [pool-29-thread-10/INFO]: [ModelEngine] [A] Importing orc_warrior.bbmodel.
[22:09:19] [pool-29-thread-9/INFO]: [ModelEngine] [A] 
[22:09:19] [pool-29-thread-9/INFO]: [ModelEngine] [A] Importing rogue_cutthroat_combo_part3.bbmodel.
[22:09:19] [pool-29-thread-9/WARN]: [ModelEngine] [A] --Warning: Missing hitbox.
[22:09:19] [pool-29-thread-9/INFO]: [ModelEngine] [A] 
[22:09:19] [pool-29-thread-9/INFO]: [ModelEngine] [A] Importing rogue_slash_effect.bbmodel.
[22:09:19] [pool-29-thread-9/WARN]: [ModelEngine] [A] --Warning: Missing hitbox.
[22:09:19] [pool-29-thread-10/INFO]: [ModelEngine] [A] 
[22:09:19] [pool-29-thread-10/INFO]: [ModelEngine] [A] Importing rogue_mark_of_death_mark.bbmodel.
[22:09:19] [pool-29-thread-10/WARN]: [ModelEngine] [A] --Warning: Missing hitbox.
[22:09:19] [pool-29-thread-2/INFO]: [ModelEngine] [A] 
[22:09:19] [pool-29-thread-2/INFO]: [ModelEngine] [A] Importing rogue_grappling_hook_smoke.bbmodel.
[22:09:19] [pool-29-thread-2/WARN]: [ModelEngine] [A] --Warning: Missing hitbox.
[22:09:19] [pool-29-thread-2/WARN]: [ModelEngine] [A] --Warn: Texture name modelengine:entity/ rogue_grappling_hook_smoke contains non [a-z0-9/._-] characters. Using alternative texture name modelengine:entity/3f8cf492-59f0-369e-a308-f5329242a621.
[22:09:19] [pool-29-thread-2/WARN]: [ModelEngine] [A] --Warn: Texture name modelengine:entity/ rogue_grappling_hook_smoke_e contains non [a-z0-9/._-] characters. Using alternative texture name modelengine:entity/0a959462-2cd5-38ee-bf4f-e18e9c332f7c.
[22:09:19] [pool-29-thread-1/INFO]: [ModelEngine] [A] 
[22:09:19] [pool-29-thread-1/INFO]: [ModelEngine] [A] Importing rogue_mark_of_death_indicator.bbmodel.
[22:09:19] [pool-29-thread-1/WARN]: [ModelEngine] [A] --Warning: Missing hitbox.
[22:09:19] [pool-29-thread-5/INFO]: [ModelEngine] [A] 
[22:09:19] [pool-29-thread-5/INFO]: [ModelEngine] [A] Importing rogue_grappling_hook.bbmodel.
[22:09:19] [pool-29-thread-5/WARN]: [ModelEngine] [A] --Warning: Missing hitbox.
[22:09:19] [pool-29-thread-3/INFO]: [ModelEngine] [A] 
[22:09:19] [pool-29-thread-3/INFO]: [ModelEngine] [A] Importing rogue_mark_of_death_disappear.bbmodel.
[22:09:19] [pool-29-thread-3/WARN]: [ModelEngine] [A] --Warning: Missing hitbox.
[22:09:19] [pool-29-thread-9/INFO]: [ModelEngine] [A] 
[22:09:19] [pool-29-thread-9/INFO]: [ModelEngine] [A] Importing rogue_slice_and_dice.bbmodel.
[22:09:19] [pool-29-thread-9/WARN]: [ModelEngine] [A] --Warning: Missing hitbox.
[22:09:19] [pool-29-thread-1/INFO]: [ModelEngine] [A] 
[22:09:19] [pool-29-thread-1/INFO]: [ModelEngine] [A] Importing rogue_vicious_cuts.bbmodel.
[22:09:19] [pool-29-thread-1/WARN]: [ModelEngine] [A] --Warning: Missing hitbox.
[22:09:19] [pool-29-thread-6/INFO]: [ModelEngine] [A] 
[22:09:19] [pool-29-thread-6/INFO]: [ModelEngine] [A] Importing qmob_shulkrab.bbmodel.
[22:09:19] [pool-29-thread-4/INFO]: [ModelEngine] [A] 
[22:09:19] [pool-29-thread-4/INFO]: [ModelEngine] [A] Importing rogue_mark_of_death.bbmodel.
[22:09:19] [pool-29-thread-4/WARN]: [ModelEngine] [A] --Warning: Missing hitbox.
[22:09:19] [pool-29-thread-8/INFO]: [ModelEngine] [A] 
[22:09:19] [pool-29-thread-8/INFO]: [ModelEngine] [A] Importing orc_king.bbmodel.
[22:09:19] [pool-29-thread-7/INFO]: [ModelEngine] [A] 
[22:09:19] [pool-29-thread-7/INFO]: [ModelEngine] [A] Importing ero_argos.bbmodel.
[22:09:19] [pool-29-thread-10/INFO]: [ModelEngine] [A] 
[22:09:19] [pool-29-thread-10/INFO]: [ModelEngine] [A] Importing rogue_slice_and_dice_stab.bbmodel.
[22:09:19] [pool-29-thread-10/WARN]: [ModelEngine] [A] --Warning: Missing hitbox.
[22:09:19] [pool-29-thread-3/INFO]: [ModelEngine] [A] 
[22:09:19] [pool-29-thread-3/INFO]: [ModelEngine] [A] Importing vd_historical_infantry1_vfx_healing.bbmodel.
[22:09:19] [pool-29-thread-3/WARN]: [ModelEngine] [A] --Warning: Missing hitbox.
[22:09:19] [pool-29-thread-5/INFO]: [ModelEngine] [A] 
[22:09:19] [pool-29-thread-5/INFO]: [ModelEngine] [A] Importing soldier_bee.bbmodel.
[22:09:19] [pool-29-thread-5/WARN]: [ModelEngine] [A] --Warn: Texture name modelengine:entity/soldier_bee already exists. Using alternative texture name modelengine:entity/30a4c9eb-38d4-302d-a165-4b2bc4ae3a53.
[22:09:19] [pool-29-thread-2/INFO]: [ModelEngine] [A] 
[22:09:19] [pool-29-thread-2/INFO]: [ModelEngine] [A] Importing rogue_smokebomb.bbmodel.
[22:09:19] [pool-29-thread-2/WARN]: [ModelEngine] [A] --Warning: Missing hitbox.
[22:09:19] [pool-29-thread-1/INFO]: [ModelEngine] [A] 
[22:09:19] [pool-29-thread-1/INFO]: [ModelEngine] [A] Importing vd_historical_infantry1blue_mob_knight_halberd.bbmodel.
[22:09:19] [pool-29-thread-4/INFO]: [ModelEngine] [A] 
[22:09:19] [pool-29-thread-4/INFO]: [ModelEngine] [A] Importing vd_historical_infantry1blue_mob_knight_warhammer.bbmodel.
[22:09:19] [pool-29-thread-3/INFO]: [ModelEngine] [A] 
[22:09:19] [pool-29-thread-3/INFO]: [ModelEngine] [A] Importing vd_historical_infantry1crimson_mob_knight_warhammer.bbmodel.
[22:09:19] [pool-29-thread-8/INFO]: [ModelEngine] [A] 
[22:09:19] [pool-29-thread-8/INFO]: [ModelEngine] [A] Importing vd_historical_infantry1crimson_mob_knight_flail.bbmodel.
[22:09:19] [pool-29-thread-6/INFO]: [ModelEngine] [A] 
[22:09:19] [pool-29-thread-6/INFO]: [ModelEngine] [A] Importing vd_historical_infantry1blue_mob_knight_pike.bbmodel.
[22:09:19] [pool-29-thread-10/INFO]: [ModelEngine] [A] 
[22:09:19] [pool-29-thread-10/INFO]: [ModelEngine] [A] Importing vd_historical_infantry1crimson_mob_knight_pike.bbmodel.
[22:09:19] [pool-29-thread-7/INFO]: [ModelEngine] [A] 
[22:09:19] [pool-29-thread-7/INFO]: [ModelEngine] [A] Importing vd_historical_infantry1crimson_mob_knight_halberd.bbmodel.
[22:09:19] [pool-29-thread-7/INFO]: [ModelEngine] [A] 
[22:09:19] [pool-29-thread-7/INFO]: [ModelEngine] [A] Importing vfx_end_teleport.bbmodel.
[22:09:19] [pool-29-thread-3/INFO]: [ModelEngine] [A] 
[22:09:19] [pool-29-thread-3/INFO]: [ModelEngine] [A] Importing vd_historical_infantry1stripes_mob_knight_flail.bbmodel.
[22:09:19] [pool-29-thread-1/INFO]: [ModelEngine] [A] 
[22:09:19] [pool-29-thread-1/INFO]: [ModelEngine] [A] Importing vd_historical_infantry1red_mob_knight_pike.bbmodel.
[22:09:19] [pool-29-thread-4/INFO]: [ModelEngine] [A] 
[22:09:19] [pool-29-thread-4/INFO]: [ModelEngine] [A] Importing vd_historical_infantry1red_mob_knight_warhammer.bbmodel.
[22:09:19] [pool-29-thread-3/INFO]: [ModelEngine] [A] 
[22:09:19] [pool-29-thread-3/INFO]: [ModelEngine] [A] Importing warrior_furious_strike_whirl.bbmodel.
[22:09:19] [pool-29-thread-3/WARN]: [ModelEngine] [A] --Warning: Eye height is below 0. Entity might suffocate.
[22:09:19] [pool-29-thread-5/INFO]: [ModelEngine] [A] 
[22:09:19] [pool-29-thread-5/INFO]: [ModelEngine] [A] Importing vd_historical_infantry1red_mob_knight_flail.bbmodel.
[22:09:19] [pool-29-thread-2/INFO]: [ModelEngine] [A] 
[22:09:19] [pool-29-thread-2/INFO]: [ModelEngine] [A] Importing vd_historical_infantry1red_mob_knight_halberd.bbmodel.
[22:09:19] [pool-29-thread-7/INFO]: [ModelEngine] [A] 
[22:09:19] [pool-29-thread-7/INFO]: [ModelEngine] [A] Importing warrior_furious_strike_knockup.bbmodel.
[22:09:19] [pool-29-thread-7/WARN]: [ModelEngine] [A] --Warning: Missing hitbox.
[22:09:19] [pool-29-thread-9/INFO]: [ModelEngine] [A] 
[22:09:19] [pool-29-thread-9/INFO]: [ModelEngine] [A] Importing vd_historical_infantry1blue_mob_knight_flail.bbmodel.
[22:09:19] [pool-29-thread-8/INFO]: [ModelEngine] [A] 
[22:09:19] [pool-29-thread-8/INFO]: [ModelEngine] [A] Importing vd_historical_infantry1stripes_mob_knight_halberd.bbmodel.
[22:09:19] [pool-29-thread-6/INFO]: [ModelEngine] [A] 
[22:09:19] [pool-29-thread-6/INFO]: [ModelEngine] [A] Importing vd_historical_infantry1stripes_mob_knight_pike.bbmodel.
[22:09:19] [pool-29-thread-10/INFO]: [ModelEngine] [A] 
[22:09:19] [pool-29-thread-10/INFO]: [ModelEngine] [A] Importing vd_historical_infantry1stripes_mob_knight_warhammer.bbmodel.
[22:09:19] [pool-29-thread-4/INFO]: [ModelEngine] [A] 
[22:09:19] [pool-29-thread-4/INFO]: [ModelEngine] [A] Importing warrior_furiousslash2.bbmodel.
[22:09:19] [pool-29-thread-4/WARN]: [ModelEngine] [A] --Warning: Missing hitbox.
[22:09:19] [pool-29-thread-3/INFO]: [ModelEngine] [A] 
[22:09:19] [pool-29-thread-3/INFO]: [ModelEngine] [A] Importing warrior_furiousslash3.bbmodel.
[22:09:19] [pool-29-thread-3/WARN]: [ModelEngine] [A] --Warning: Missing hitbox.
[22:09:19] [pool-29-thread-9/INFO]: [ModelEngine] [A] 
[22:09:19] [pool-29-thread-9/INFO]: [ModelEngine] [A] Importing warrior_leaping_slash_jump.bbmodel.
[22:09:19] [pool-29-thread-9/WARN]: [ModelEngine] [A] --Warning: Missing hitbox.
[22:09:19] [pool-29-thread-6/INFO]: [ModelEngine] [A] 
[22:09:19] [pool-29-thread-6/INFO]: [ModelEngine] [A] Importing warrior_rage_dust.bbmodel.
[22:09:19] [pool-29-thread-6/WARN]: [ModelEngine] [A] --Warning: Missing hitbox.
[22:09:19] [pool-29-thread-7/INFO]: [ModelEngine] [A] 
[22:09:19] [pool-29-thread-7/INFO]: [ModelEngine] [A] Importing warrior_leaping_slash_impact.bbmodel.
[22:09:19] [pool-29-thread-1/INFO]: [ModelEngine] [A] 
[22:09:19] [pool-29-thread-1/INFO]: [ModelEngine] [A] Importing warrior_furiousslash1.bbmodel.
[22:09:19] [pool-29-thread-1/WARN]: [ModelEngine] [A] --Warning: Missing hitbox.
[22:09:19] [pool-29-thread-2/INFO]: [ModelEngine] [A] 
[22:09:19] [pool-29-thread-2/INFO]: [ModelEngine] [A] Importing warrior_leaping_slash_downslash.bbmodel.
[22:09:19] [pool-29-thread-2/WARN]: [ModelEngine] [A] --Warning: Missing hitbox.
[22:09:19] [pool-29-thread-6/INFO]: [ModelEngine] [A] 
[22:09:19] [pool-29-thread-6/INFO]: [ModelEngine] [A] Importing ero_vindicator_axe.bbmodel.
[22:09:19] [pool-29-thread-6/WARN]: [ModelEngine] [A] --Warning: Missing hitbox.
[22:09:19] [pool-29-thread-8/INFO]: [ModelEngine] [A] 
[22:09:19] [pool-29-thread-8/INFO]: [ModelEngine] [A] Importing warrior_rage.bbmodel.
[22:09:19] [pool-29-thread-8/WARN]: [ModelEngine] [A] --Warning: Eye height is below 0. Entity might suffocate.
[22:09:19] [pool-29-thread-10/INFO]: [ModelEngine] [A] 
[22:09:19] [pool-29-thread-10/INFO]: [ModelEngine] [A] Importing warrior_whirlwind.bbmodel.
[22:09:19] [pool-29-thread-10/WARN]: [ModelEngine] [A] --Warning: Eye height is below 0. Entity might suffocate.
[22:09:19] [pool-29-thread-4/INFO]: [ModelEngine] [A] 
[22:09:19] [pool-29-thread-4/INFO]: [ModelEngine] [A] Importing internal_fire.bbmodel.
[22:09:19] [pool-29-thread-8/INFO]: [ModelEngine] [A] 
[22:09:19] [pool-29-thread-8/INFO]: [ModelEngine] [A] Importing vfx_earthquake_rupture_4.bbmodel.
[22:09:19] [pool-29-thread-8/WARN]: [ModelEngine] [A] --Warning: Eye height is below 0. Entity might suffocate.
[22:09:19] [pool-29-thread-10/INFO]: [ModelEngine] [A] 
[22:09:19] [pool-29-thread-10/INFO]: [ModelEngine] [A] Importing vfx_earthquake_rupture_3.bbmodel.
[22:09:19] [pool-29-thread-10/WARN]: [ModelEngine] [A] --Warning: Eye height is below 0. Entity might suffocate.
[22:09:19] [pool-29-thread-6/INFO]: [ModelEngine] [A] 
[22:09:19] [pool-29-thread-6/INFO]: [ModelEngine] [A] Importing vfx_earthquake_rupture_2.bbmodel.
[22:09:19] [pool-29-thread-6/WARN]: [ModelEngine] [A] --Warning: Eye height is below 0. Entity might suffocate.
[22:09:19] [pool-29-thread-10/INFO]: [ModelEngine] [A] 
[22:09:19] [pool-29-thread-10/INFO]: [ModelEngine] [A] Importing vfx_earthquake_rupture_1.bbmodel.
[22:09:19] [pool-29-thread-10/WARN]: [ModelEngine] [A] --Warning: Eye height is below 0. Entity might suffocate.
[22:09:19] [pool-29-thread-8/INFO]: [ModelEngine] [A] 
[22:09:19] [pool-29-thread-8/INFO]: [ModelEngine] [A] Importing vfx_earthquake_rupture_5.bbmodel.
[22:09:19] [pool-29-thread-8/WARN]: [ModelEngine] [A] --Warning: Eye height is below 0. Entity might suffocate.
[22:09:19] [pool-29-thread-4/INFO]: [ModelEngine] [A] 
[22:09:19] [pool-29-thread-4/INFO]: [ModelEngine] [A] Importing vfx_rubbles.bbmodel.
[22:09:19] [pool-29-thread-4/WARN]: [ModelEngine] [A] --Warning: Eye height is below 0. Entity might suffocate.
[22:09:19] [pool-29-thread-6/INFO]: [ModelEngine] [A] 
[22:09:19] [pool-29-thread-6/INFO]: [ModelEngine] [A] Importing water_surface_slash_4.bbmodel.
[22:09:19] [pool-29-thread-6/WARN]: [ModelEngine] [A] --Warning: Eye height is below 0. Entity might suffocate.
[22:09:19] [pool-29-thread-10/INFO]: [ModelEngine] [A] 
[22:09:19] [pool-29-thread-10/INFO]: [ModelEngine] [A] Importing striking_tide_2.bbmodel.
[22:09:19] [pool-29-thread-10/WARN]: [ModelEngine] [A] --Warning: Eye height is below 0. Entity might suffocate.
[22:09:19] [pool-29-thread-8/INFO]: [ModelEngine] [A] 
[22:09:19] [pool-29-thread-8/INFO]: [ModelEngine] [A] Importing water_wheel.bbmodel.
[22:09:19] [pool-29-thread-8/WARN]: [ModelEngine] [A] --Warning: Eye height is below 0. Entity might suffocate.
[22:09:19] [pool-29-thread-9/INFO]: [ModelEngine] [A] 
[22:09:19] [pool-29-thread-9/INFO]: [ModelEngine] [A] Importing ero_skeleton.bbmodel.
[22:09:19] [pool-29-thread-1/INFO]: [ModelEngine] [A] 
[22:09:19] [pool-29-thread-1/INFO]: [ModelEngine] [A] Importing ero_vindicator.bbmodel.
[22:09:19] [pool-29-thread-1/WARN]: [ModelEngine] [A] --Warning: Missing hitbox.
[22:09:19] [pool-29-thread-3/INFO]: [ModelEngine] [A] 
[22:09:19] [pool-29-thread-3/INFO]: [ModelEngine] [A] Importing ero_spider.bbmodel.
[22:09:19] [pool-29-thread-3/WARN]: [ModelEngine] [A] --Warn: Texture name modelengine:entity/ero_spider_e already exists. Using alternative texture name modelengine:entity/610c6dab-fe70-3034-9103-6081d2464b81.
[22:09:19] [pool-29-thread-2/INFO]: [ModelEngine] [A] 
[22:09:19] [pool-29-thread-2/INFO]: [ModelEngine] [A] Importing ero_witch.bbmodel.
[22:09:19] [pool-29-thread-4/INFO]: [ModelEngine] [A] 
[22:09:19] [pool-29-thread-4/INFO]: [ModelEngine] [A] Importing splashing_water_flow_6.bbmodel.
[22:09:19] [pool-29-thread-4/WARN]: [ModelEngine] [A] --Warning: Eye height is below 0. Entity might suffocate.
[22:09:19] [pool-29-thread-2/INFO]: [ModelEngine] [A] 
[22:09:19] [pool-29-thread-2/INFO]: [ModelEngine] [A] Importing striking_tide_7.bbmodel.
[22:09:19] [pool-29-thread-2/WARN]: [ModelEngine] [A] --Warning: Eye height is below 0. Entity might suffocate.
[22:09:19] [pool-29-thread-9/INFO]: [ModelEngine] [A] 
[22:09:19] [pool-29-thread-9/INFO]: [ModelEngine] [A] Importing water_surface_slash_2.bbmodel.
[22:09:19] [pool-29-thread-9/WARN]: [ModelEngine] [A] --Warning: Eye height is below 0. Entity might suffocate.
[22:09:19] [pool-29-thread-3/INFO]: [ModelEngine] [A] 
[22:09:19] [pool-29-thread-3/INFO]: [ModelEngine] [A] Importing flowing_dance_7.bbmodel.
[22:09:19] [pool-29-thread-3/WARN]: [ModelEngine] [A] --Warning: Eye height is below 0. Entity might suffocate.
[22:09:19] [pool-29-thread-8/INFO]: [ModelEngine] [A] 
[22:09:19] [pool-29-thread-8/INFO]: [ModelEngine] [A] Importing water_surface_slash_1.bbmodel.
[22:09:19] [pool-29-thread-8/WARN]: [ModelEngine] [A] --Warning: Eye height is below 0. Entity might suffocate.
[22:09:19] [pool-29-thread-1/INFO]: [ModelEngine] [A] 
[22:09:19] [pool-29-thread-1/INFO]: [ModelEngine] [A] Importing flowing_dance_5.bbmodel.
[22:09:19] [pool-29-thread-1/WARN]: [ModelEngine] [A] --Warning: Eye height is below 0. Entity might suffocate.
[22:09:19] [pool-29-thread-9/INFO]: [ModelEngine] [A] 
[22:09:19] [pool-29-thread-9/INFO]: [ModelEngine] [A] Importing striking_tide_5.bbmodel.
[22:09:19] [pool-29-thread-9/WARN]: [ModelEngine] [A] --Warning: Eye height is below 0. Entity might suffocate.
[22:09:19] [pool-29-thread-10/INFO]: [ModelEngine] [A] 
[22:09:19] [pool-29-thread-10/INFO]: [ModelEngine] [A] Importing splashing_water_flow_1.bbmodel.
[22:09:19] [pool-29-thread-10/WARN]: [ModelEngine] [A] --Warning: Eye height is below 0. Entity might suffocate.
[22:09:19] [pool-29-thread-7/INFO]: [ModelEngine] [A] 
[22:09:19] [pool-29-thread-7/INFO]: [ModelEngine] [A] Importing ero_zombie.bbmodel.
[22:09:19] [pool-29-thread-4/INFO]: [ModelEngine] [A] 
[22:09:19] [pool-29-thread-4/INFO]: [ModelEngine] [A] Importing splashing_water_flow_8.bbmodel.
[22:09:19] [pool-29-thread-4/WARN]: [ModelEngine] [A] --Warning: Eye height is below 0. Entity might suffocate.
[22:09:19] [pool-29-thread-6/INFO]: [ModelEngine] [A] 
[22:09:19] [pool-29-thread-6/INFO]: [ModelEngine] [A] Importing constant_flux_5.bbmodel.
[22:09:19] [pool-29-thread-6/WARN]: [ModelEngine] [A] --Warning: Eye height is below 0. Entity might suffocate.
[22:09:19] [pool-29-thread-9/INFO]: [ModelEngine] [A] 
[22:09:19] [pool-29-thread-9/INFO]: [ModelEngine] [A] Importing striking_tide_3.bbmodel.
[22:09:19] [pool-29-thread-9/WARN]: [ModelEngine] [A] --Warning: Eye height is below 0. Entity might suffocate.
[22:09:19] [pool-29-thread-4/INFO]: [ModelEngine] [A] 
[22:09:19] [pool-29-thread-4/INFO]: [ModelEngine] [A] Importing water_surface_slash_8.bbmodel.
[22:09:19] [pool-29-thread-4/WARN]: [ModelEngine] [A] --Warning: Eye height is below 0. Entity might suffocate.
[22:09:19] [pool-29-thread-2/INFO]: [ModelEngine] [A] 
[22:09:19] [pool-29-thread-2/INFO]: [ModelEngine] [A] Importing constant_flux_4.bbmodel.
[22:09:19] [pool-29-thread-2/WARN]: [ModelEngine] [A] --Warning: Eye height is below 0. Entity might suffocate.
[22:09:19] [pool-29-thread-6/INFO]: [ModelEngine] [A] 
[22:09:19] [pool-29-thread-6/INFO]: [ModelEngine] [A] Importing whirlpool_5.bbmodel.
[22:09:19] [pool-29-thread-6/WARN]: [ModelEngine] [A] --Warning: Eye height is below 0. Entity might suffocate.
[22:09:19] [pool-29-thread-7/INFO]: [ModelEngine] [A] 
[22:09:19] [pool-29-thread-7/INFO]: [ModelEngine] [A] Importing flowing_dance_2.bbmodel.
[22:09:19] [pool-29-thread-7/WARN]: [ModelEngine] [A] --Warning: Eye height is below 0. Entity might suffocate.
[22:09:19] [pool-29-thread-8/INFO]: [ModelEngine] [A] 
[22:09:19] [pool-29-thread-8/INFO]: [ModelEngine] [A] Importing whirlpool_4.bbmodel.
[22:09:19] [pool-29-thread-8/WARN]: [ModelEngine] [A] --Warning: Eye height is below 0. Entity might suffocate.
[22:09:19] [pool-29-thread-3/INFO]: [ModelEngine] [A] 
[22:09:19] [pool-29-thread-3/INFO]: [ModelEngine] [A] Importing flowing_dance_1.bbmodel.
[22:09:19] [pool-29-thread-3/WARN]: [ModelEngine] [A] --Warning: Eye height is below 0. Entity might suffocate.
[22:09:19] [pool-29-thread-10/INFO]: [ModelEngine] [A] 
[22:09:19] [pool-29-thread-10/INFO]: [ModelEngine] [A] Importing whirlpool_3.bbmodel.
[22:09:19] [pool-29-thread-10/WARN]: [ModelEngine] [A] --Warning: Eye height is below 0. Entity might suffocate.
[22:09:19] [pool-29-thread-9/INFO]: [ModelEngine] [A] 
[22:09:19] [pool-29-thread-9/INFO]: [ModelEngine] [A] Importing splashing_water_flow_5.bbmodel.
[22:09:19] [pool-29-thread-9/WARN]: [ModelEngine] [A] --Warning: Eye height is below 0. Entity might suffocate.
[22:09:19] [pool-29-thread-7/INFO]: [ModelEngine] [A] 
[22:09:19] [pool-29-thread-7/INFO]: [ModelEngine] [A] Importing striking_tide_6.bbmodel.
[22:09:19] [pool-29-thread-7/WARN]: [ModelEngine] [A] --Warning: Eye height is below 0. Entity might suffocate.
[22:09:19] [pool-29-thread-4/INFO]: [ModelEngine] [A] 
[22:09:19] [pool-29-thread-4/INFO]: [ModelEngine] [A] Importing whirlpool_2.bbmodel.
[22:09:19] [pool-29-thread-4/WARN]: [ModelEngine] [A] --Warning: Eye height is below 0. Entity might suffocate.
[22:09:19] [pool-29-thread-10/INFO]: [ModelEngine] [A] 
[22:09:19] [pool-29-thread-10/INFO]: [ModelEngine] [A] Importing striking_tide_4.bbmodel.
[22:09:19] [pool-29-thread-10/WARN]: [ModelEngine] [A] --Warning: Eye height is below 0. Entity might suffocate.
[22:09:19] [pool-29-thread-6/INFO]: [ModelEngine] [A] 
[22:09:19] [pool-29-thread-6/INFO]: [ModelEngine] [A] Importing splashing_water_flow_4.bbmodel.
[22:09:19] [pool-29-thread-6/WARN]: [ModelEngine] [A] --Warning: Eye height is below 0. Entity might suffocate.
[22:09:19] [pool-29-thread-7/INFO]: [ModelEngine] [A] 
[22:09:19] [pool-29-thread-7/INFO]: [ModelEngine] [A] Importing water_surface_slash_3.bbmodel.
[22:09:19] [pool-29-thread-7/WARN]: [ModelEngine] [A] --Warning: Eye height is below 0. Entity might suffocate.
[22:09:19] [pool-29-thread-4/INFO]: [ModelEngine] [A] 
[22:09:19] [pool-29-thread-4/INFO]: [ModelEngine] [A] Importing water_surface_slash_6.bbmodel.
[22:09:19] [pool-29-thread-4/WARN]: [ModelEngine] [A] --Warning: Eye height is below 0. Entity might suffocate.
[22:09:19] [pool-29-thread-10/INFO]: [ModelEngine] [A] 
[22:09:19] [pool-29-thread-10/INFO]: [ModelEngine] [A] Importing splashing_water_flow_3.bbmodel.
[22:09:19] [pool-29-thread-10/WARN]: [ModelEngine] [A] --Warning: Eye height is below 0. Entity might suffocate.
[22:09:19] [pool-29-thread-3/INFO]: [ModelEngine] [A] 
[22:09:19] [pool-29-thread-3/INFO]: [ModelEngine] [A] Importing splashing_water_flow_2.bbmodel.
[22:09:19] [pool-29-thread-3/WARN]: [ModelEngine] [A] --Warning: Eye height is below 0. Entity might suffocate.
[22:09:19] [pool-29-thread-4/INFO]: [ModelEngine] [A] 
[22:09:19] [pool-29-thread-4/INFO]: [ModelEngine] [A] Importing striking_tide_1.bbmodel.
[22:09:19] [pool-29-thread-4/WARN]: [ModelEngine] [A] --Warning: Eye height is below 0. Entity might suffocate.
[22:09:19] [pool-29-thread-5/INFO]: [ModelEngine] [A] 
[22:09:19] [pool-29-thread-5/INFO]: [ModelEngine] [A] Importing warrior_hellblade.bbmodel.
[22:09:19] [pool-29-thread-5/WARN]: [ModelEngine] [A] --Warning: Missing hitbox.
[22:09:19] [pool-29-thread-1/INFO]: [ModelEngine] [A] 
[22:09:19] [pool-29-thread-1/INFO]: [ModelEngine] [A] Importing constant_flux_1.bbmodel.
[22:09:19] [pool-29-thread-1/WARN]: [ModelEngine] [A] --Warning: Eye height is below 0. Entity might suffocate.
[22:09:19] [pool-29-thread-9/INFO]: [ModelEngine] [A] 
[22:09:19] [pool-29-thread-9/INFO]: [ModelEngine] [A] Importing whirlpool_1.bbmodel.
[22:09:19] [pool-29-thread-9/WARN]: [ModelEngine] [A] --Warning: Eye height is below 0. Entity might suffocate.
[22:09:19] [pool-29-thread-2/INFO]: [ModelEngine] [A] 
[22:09:19] [pool-29-thread-2/INFO]: [ModelEngine] [A] Importing constant_flux_3.bbmodel.
[22:09:19] [pool-29-thread-2/WARN]: [ModelEngine] [A] --Warning: Eye height is below 0. Entity might suffocate.
[22:09:19] [pool-29-thread-4/INFO]: [ModelEngine] [A] 
[22:09:19] [pool-29-thread-4/INFO]: [ModelEngine] [A] Importing flowing_dance_6.bbmodel.
[22:09:19] [pool-29-thread-4/WARN]: [ModelEngine] [A] --Warning: Eye height is below 0. Entity might suffocate.
[22:09:19] [pool-29-thread-7/INFO]: [ModelEngine] [A] 
[22:09:19] [pool-29-thread-7/INFO]: [ModelEngine] [A] Importing flowing_dance_3.bbmodel.
[22:09:19] [pool-29-thread-7/WARN]: [ModelEngine] [A] --Warning: Eye height is below 0. Entity might suffocate.
[22:09:19] [pool-29-thread-3/INFO]: [ModelEngine] [A] 
[22:09:19] [pool-29-thread-3/INFO]: [ModelEngine] [A] Importing water_surface_slash_5.bbmodel.
[22:09:19] [pool-29-thread-3/WARN]: [ModelEngine] [A] --Warning: Eye height is below 0. Entity might suffocate.
[22:09:19] [pool-29-thread-1/INFO]: [ModelEngine] [A] 
[22:09:19] [pool-29-thread-1/INFO]: [ModelEngine] [A] Importing water_surface_slash_7.bbmodel.
[22:09:19] [pool-29-thread-1/WARN]: [ModelEngine] [A] --Warning: Eye height is below 0. Entity might suffocate.
[22:09:19] [pool-29-thread-8/INFO]: [ModelEngine] [A] 
[22:09:19] [pool-29-thread-8/INFO]: [ModelEngine] [A] Importing constant_flux_8.bbmodel.
[22:09:19] [pool-29-thread-8/WARN]: [ModelEngine] [A] --Warning: Eye height is below 0. Entity might suffocate.
[22:09:19] [pool-29-thread-5/INFO]: [ModelEngine] [A] 
[22:09:19] [pool-29-thread-5/INFO]: [ModelEngine] [A] Importing whirlpool_7.bbmodel.
[22:09:19] [pool-29-thread-5/WARN]: [ModelEngine] [A] --Warning: Eye height is below 0. Entity might suffocate.
[22:09:19] [pool-29-thread-2/INFO]: [ModelEngine] [A] 
[22:09:19] [pool-29-thread-2/INFO]: [ModelEngine] [A] Importing splashing_water_flow_7.bbmodel.
[22:09:19] [pool-29-thread-2/WARN]: [ModelEngine] [A] --Warning: Eye height is below 0. Entity might suffocate.
[22:09:19] [pool-29-thread-5/INFO]: [ModelEngine] [A] 
[22:09:19] [pool-29-thread-5/INFO]: [ModelEngine] [A] Importing cpblood_dusthit.bbmodel.
[22:09:19] [pool-29-thread-8/INFO]: [ModelEngine] [A] 
[22:09:19] [pool-29-thread-8/INFO]: [ModelEngine] [A] Importing cpblood_supershockwave.bbmodel.
[22:09:19] [pool-29-thread-6/INFO]: [ModelEngine] [A] 
[22:09:19] [pool-29-thread-6/INFO]: [ModelEngine] [A] Importing constant_flux_6.bbmodel.
[22:09:19] [pool-29-thread-6/WARN]: [ModelEngine] [A] --Warning: Eye height is below 0. Entity might suffocate.
[22:09:19] [pool-29-thread-4/INFO]: [ModelEngine] [A] 
[22:09:19] [pool-29-thread-4/INFO]: [ModelEngine] [A] Importing flowing_dance_8.bbmodel.
[22:09:19] [pool-29-thread-4/WARN]: [ModelEngine] [A] --Warning: Eye height is below 0. Entity might suffocate.
[22:09:19] [pool-29-thread-8/INFO]: [ModelEngine] [A] 
[22:09:19] [pool-29-thread-8/INFO]: [ModelEngine] [A] Importing cpblood_ravagemarker.bbmodel.
[22:09:19] [pool-29-thread-2/INFO]: [ModelEngine] [A] 
[22:09:19] [pool-29-thread-2/INFO]: [ModelEngine] [A] Importing cpblood_dustplosionmarker.bbmodel.
[22:09:19] [pool-29-thread-3/INFO]: [ModelEngine] [A] 
[22:09:19] [pool-29-thread-3/INFO]: [ModelEngine] [A] Importing whirlpool_6.bbmodel.
[22:09:19] [pool-29-thread-3/WARN]: [ModelEngine] [A] --Warning: Eye height is below 0. Entity might suffocate.
[22:09:19] [pool-29-thread-3/INFO]: [ModelEngine] [A] 
[22:09:19] [pool-29-thread-3/INFO]: [ModelEngine] [A] Importing soldier_thrustblade.bbmodel.
[22:09:19] [pool-29-thread-7/INFO]: [ModelEngine] [A] 
[22:09:19] [pool-29-thread-7/INFO]: [ModelEngine] [A] Importing flowing_dance_4.bbmodel.
[22:09:19] [pool-29-thread-7/WARN]: [ModelEngine] [A] --Warning: Eye height is below 0. Entity might suffocate.
[22:09:19] [pool-29-thread-9/INFO]: [ModelEngine] [A] 
[22:09:19] [pool-29-thread-9/INFO]: [ModelEngine] [A] Importing constant_flux_2.bbmodel.
[22:09:19] [pool-29-thread-9/WARN]: [ModelEngine] [A] --Warning: Eye height is below 0. Entity might suffocate.
[22:09:19] [pool-29-thread-1/INFO]: [ModelEngine] [A] 
[22:09:19] [pool-29-thread-1/INFO]: [ModelEngine] [A] Importing constant_flux_9.bbmodel.
[22:09:19] [pool-29-thread-1/WARN]: [ModelEngine] [A] --Warning: Eye height is below 0. Entity might suffocate.
[22:09:19] [pool-29-thread-10/INFO]: [ModelEngine] [A] 
[22:09:19] [pool-29-thread-10/INFO]: [ModelEngine] [A] Importing constant_flux_7.bbmodel.
[22:09:19] [pool-29-thread-10/WARN]: [ModelEngine] [A] --Warning: Eye height is below 0. Entity might suffocate.
[22:09:19] [pool-29-thread-5/INFO]: [ModelEngine] [A] 
[22:09:19] [pool-29-thread-5/INFO]: [ModelEngine] [A] Importing cpblood_shockwaveresources.bbmodel.
[22:09:19] [pool-29-thread-4/INFO]: [ModelEngine] [A] 
[22:09:19] [pool-29-thread-4/INFO]: [ModelEngine] [A] Importing soldier_fireblade.bbmodel.
[22:09:19] [pool-29-thread-8/INFO]: [ModelEngine] [A] 
[22:09:19] [pool-29-thread-8/INFO]: [ModelEngine] [A] Importing fsoldier_fireexplosion.bbmodel.
[22:09:19] [pool-29-thread-7/INFO]: [ModelEngine] [A] 
[22:09:19] [pool-29-thread-7/INFO]: [ModelEngine] [A] Importing v4fallen_slashfx.bbmodel.
[22:09:19] [pool-29-thread-3/INFO]: [ModelEngine] [A] 
[22:09:19] [pool-29-thread-3/INFO]: [ModelEngine] [A] Importing v4fallen_shared_resources.bbmodel.
[22:09:19] [pool-29-thread-4/INFO]: [ModelEngine] [A] 
[22:09:19] [pool-29-thread-4/INFO]: [ModelEngine] [A] Importing mso_vfx_vortexspell.bbmodel.
[22:09:19] [pool-29-thread-4/WARN]: [ModelEngine] [A] --Warning: Missing hitbox.
[22:09:19] [pool-29-thread-7/INFO]: [ModelEngine] [A] 
[22:09:19] [pool-29-thread-7/INFO]: [ModelEngine] [A] Importing mso_vfx_spellball.bbmodel.
[22:09:19] [pool-29-thread-6/INFO]: [ModelEngine] [A] 
[22:09:19] [pool-29-thread-6/INFO]: [ModelEngine] [A] Importing corruptblood_resources.bbmodel.
[22:09:19] [pool-29-thread-5/INFO]: [ModelEngine] [A] 
[22:09:19] [pool-29-thread-5/INFO]: [ModelEngine] [A] Importing fallen_mauler_statue.bbmodel.
[22:09:19] [pool-29-thread-7/INFO]: [ModelEngine] [A] 
[22:09:19] [pool-29-thread-7/INFO]: [ModelEngine] [A] Importing mso_warmm.bbmodel.
[22:09:19] [pool-29-thread-2/INFO]: [ModelEngine] [A] 
[22:09:19] [pool-29-thread-2/INFO]: [ModelEngine] [A] Importing soldierplosion_reources.bbmodel.
[22:09:19] [pool-29-thread-7/INFO]: [ModelEngine] [A] 
[22:09:19] [pool-29-thread-7/INFO]: [ModelEngine] [A] Importing mso_vfx_soulfireball.bbmodel.
[22:09:19] [pool-29-thread-5/INFO]: [ModelEngine] [A] 
[22:09:19] [pool-29-thread-5/INFO]: [ModelEngine] [A] Importing mso_vfx_spike.bbmodel.
[22:09:19] [pool-29-thread-5/WARN]: [ModelEngine] [A] --Warning: Missing hitbox.
[22:09:19] [pool-29-thread-1/INFO]: [ModelEngine] [A] 
[22:09:19] [pool-29-thread-1/INFO]: [ModelEngine] [A] Importing fallen_mauler2.bbmodel.
[22:09:19] [pool-29-thread-10/INFO]: [ModelEngine] [A] 
[22:09:19] [pool-29-thread-10/INFO]: [ModelEngine] [A] Importing fallen_mauler3.bbmodel.
[22:09:19] [pool-29-thread-10/INFO]: [ModelEngine] [A] 
[22:09:19] [pool-29-thread-10/INFO]: [ModelEngine] [A] Importing training_dummy.bbmodel.
[22:09:19] [pool-29-thread-4/INFO]: [ModelEngine] [A] 
[22:09:19] [pool-29-thread-4/INFO]: [ModelEngine] [A] Importing mso_twinkler.bbmodel.
[22:09:19] [pool-29-thread-10/INFO]: [ModelEngine] [A] 
[22:09:19] [pool-29-thread-10/INFO]: [ModelEngine] [A] Importing skull_boss_minion.bbmodel.
[22:09:19] [pool-29-thread-10/INFO]: [ModelEngine] [A] 
[22:09:19] [pool-29-thread-10/INFO]: [ModelEngine] [A] Importing meteor_of_doom.bbmodel.
[22:09:19] [pool-29-thread-10/WARN]: [ModelEngine] [A] --Warning: Eye height is below 0. Entity might suffocate.
[22:09:19] [pool-29-thread-10/INFO]: [ModelEngine] [A] 
[22:09:19] [pool-29-thread-10/INFO]: [ModelEngine] [A] Importing meteor_of_doom.png.
[22:09:19] [pool-29-thread-10/WARN]: [ModelEngine] [A] --Error: Unknown format.
[22:09:19] [pool-29-thread-4/INFO]: [ModelEngine] [A] 
[22:09:19] [pool-29-thread-4/INFO]: [ModelEngine] [A] Importing undead_knight.bbmodel.
[22:09:19] [pool-29-thread-8/INFO]: [ModelEngine] [A] 
[22:09:19] [pool-29-thread-8/INFO]: [ModelEngine] [A] Importing mso_magma_imp.bbmodel.
[22:09:19] [pool-29-thread-8/INFO]: [ModelEngine] [A] 
[22:09:19] [pool-29-thread-8/INFO]: [ModelEngine] [A] Importing cryo_prison_f.png.
[22:09:19] [pool-29-thread-8/WARN]: [ModelEngine] [A] --Error: Unknown format.
[22:09:19] [pool-29-thread-8/INFO]: [ModelEngine] [A] 
[22:09:19] [pool-29-thread-8/INFO]: [ModelEngine] [A] Importing cryo_prison_cage.bbmodel.
[22:09:19] [pool-29-thread-8/WARN]: [ModelEngine] [A] --Warning: Eye height is below 0. Entity might suffocate.
[22:09:19] [pool-29-thread-10/INFO]: [ModelEngine] [A] 
[22:09:19] [pool-29-thread-10/INFO]: [ModelEngine] [A] Importing meteor_of_doom_cross.bbmodel.
[22:09:19] [pool-29-thread-10/WARN]: [ModelEngine] [A] --Warning: Eye height is below 0. Entity might suffocate.
[22:09:19] [pool-29-thread-4/INFO]: [ModelEngine] [A] 
[22:09:19] [pool-29-thread-4/INFO]: [ModelEngine] [A] Importing cryo_prison.bbmodel.
[22:09:19] [pool-29-thread-4/WARN]: [ModelEngine] [A] --Warning: Eye height is below 0. Entity might suffocate.
[22:09:19] [pool-29-thread-4/INFO]: [ModelEngine] [A] 
[22:09:19] [pool-29-thread-4/INFO]: [ModelEngine] [A] Importing hailpiercer.png.
[22:09:19] [pool-29-thread-4/WARN]: [ModelEngine] [A] --Error: Unknown format.
[22:09:19] [pool-29-thread-8/INFO]: [ModelEngine] [A] 
[22:09:19] [pool-29-thread-8/INFO]: [ModelEngine] [A] Importing hailpiercer_inhale_breath.bbmodel.
[22:09:19] [pool-29-thread-8/WARN]: [ModelEngine] [A] --Warning: Eye height is below 0. Entity might suffocate.
[22:09:19] [pool-29-thread-4/INFO]: [ModelEngine] [A] 
[22:09:19] [pool-29-thread-4/INFO]: [ModelEngine] [A] Importing corruptblood_64c.bbmodel.
[22:09:19] [pool-29-thread-8/INFO]: [ModelEngine] [A] 
[22:09:19] [pool-29-thread-8/INFO]: [ModelEngine] [A] Importing corruptblood_64.bbmodel.
[22:09:19] [pool-29-thread-8/INFO]: [ModelEngine] [A] 
[22:09:19] [pool-29-thread-8/INFO]: [ModelEngine] [A] Importing corruptblood_64_projectile.bbmodel.
[22:09:19] [pool-29-thread-4/INFO]: [ModelEngine] [A] 
[22:09:19] [pool-29-thread-4/INFO]: [ModelEngine] [A] Importing corruptblood_64a.bbmodel.
[22:09:19] [pool-29-thread-8/INFO]: [ModelEngine] [A] 
[22:09:19] [pool-29-thread-8/INFO]: [ModelEngine] [A] Importing corruptblood_32.bbmodel.
[22:09:19] [pool-29-thread-8/INFO]: [ModelEngine] [A] 
[22:09:19] [pool-29-thread-8/INFO]: [ModelEngine] [A] Importing corruptblood_64b.bbmodel.
[22:09:19] [pool-29-thread-8/INFO]: [ModelEngine] [A] 
[22:09:19] [pool-29-thread-8/INFO]: [ModelEngine] [A] Importing corruptblood_64_splash.bbmodel.
[22:09:19] [pool-29-thread-8/INFO]: [ModelEngine] [A] 
[22:09:19] [pool-29-thread-8/INFO]: [ModelEngine] [A] Importing corruptblood_64d.bbmodel.
[22:09:19] [pool-29-thread-4/INFO]: [ModelEngine] [A] 
[22:09:19] [pool-29-thread-4/INFO]: [ModelEngine] [A] Importing cpblood_vfx32.bbmodel.
[22:09:19] [pool-29-thread-4/INFO]: [ModelEngine] [A] 
[22:09:19] [pool-29-thread-4/INFO]: [ModelEngine] [A] Importing big_fireball_charge.png.
[22:09:19] [pool-29-thread-4/WARN]: [ModelEngine] [A] --Error: Unknown format.
[22:09:19] [pool-29-thread-4/INFO]: [ModelEngine] [A] 
[22:09:19] [pool-29-thread-4/INFO]: [ModelEngine] [A] Importing magic_fire_circle.bbmodel.
[22:09:19] [pool-29-thread-4/WARN]: [ModelEngine] [A] --Warning: Eye height is below 0. Entity might suffocate.
[22:09:19] [pool-29-thread-4/INFO]: [ModelEngine] [A] 
[22:09:19] [pool-29-thread-4/INFO]: [ModelEngine] [A] Importing magic_fire_circle_in.png.
[22:09:19] [pool-29-thread-4/WARN]: [ModelEngine] [A] --Error: Unknown format.
[22:09:19] [pool-29-thread-4/INFO]: [ModelEngine] [A] 
[22:09:19] [pool-29-thread-4/INFO]: [ModelEngine] [A] Importing magic_fire_circle_out.png.
[22:09:19] [pool-29-thread-4/WARN]: [ModelEngine] [A] --Error: Unknown format.
[22:09:19] [pool-29-thread-4/INFO]: [ModelEngine] [A] 
[22:09:19] [pool-29-thread-4/INFO]: [ModelEngine] [A] Importing magic_fire_circle_mid.png.
[22:09:19] [pool-29-thread-4/WARN]: [ModelEngine] [A] --Error: Unknown format.
[22:09:19] [pool-29-thread-4/INFO]: [ModelEngine] [A] 
[22:09:19] [pool-29-thread-4/INFO]: [ModelEngine] [A] Importing thunder_explosion_5.png.
[22:09:19] [pool-29-thread-4/WARN]: [ModelEngine] [A] --Error: Unknown format.
[22:09:19] [pool-29-thread-4/INFO]: [ModelEngine] [A] 
[22:09:19] [pool-29-thread-4/INFO]: [ModelEngine] [A] Importing thunder_explosion_1.png.
[22:09:19] [pool-29-thread-4/WARN]: [ModelEngine] [A] --Error: Unknown format.
[22:09:19] [pool-29-thread-4/INFO]: [ModelEngine] [A] 
[22:09:19] [pool-29-thread-4/INFO]: [ModelEngine] [A] Importing thunder_explosion_9.png.
[22:09:19] [pool-29-thread-4/WARN]: [ModelEngine] [A] --Error: Unknown format.
[22:09:19] [pool-29-thread-4/INFO]: [ModelEngine] [A] 
[22:09:19] [pool-29-thread-4/INFO]: [ModelEngine] [A] Importing thunder_explosion_8.png.
[22:09:19] [pool-29-thread-4/WARN]: [ModelEngine] [A] --Error: Unknown format.
[22:09:20] [pool-29-thread-10/INFO]: [ModelEngine] [A] 
[22:09:20] [pool-29-thread-10/INFO]: [ModelEngine] [A] Importing hailpiercer.bbmodel.
[22:09:20] [pool-29-thread-10/WARN]: [ModelEngine] [A] --Warning: Eye height is below 0. Entity might suffocate.
[22:09:20] [pool-29-thread-10/INFO]: [ModelEngine] [A] 
[22:09:20] [pool-29-thread-10/INFO]: [ModelEngine] [A] Importing thunder_explosion_4.png.
[22:09:20] [pool-29-thread-10/WARN]: [ModelEngine] [A] --Error: Unknown format.
[22:09:20] [pool-29-thread-4/INFO]: [ModelEngine] [A] 
[22:09:20] [pool-29-thread-4/INFO]: [ModelEngine] [A] Importing thunder_explosion_9.bbmodel.
[22:09:20] [pool-29-thread-4/WARN]: [ModelEngine] [A] --Warning: Eye height is below 0. Entity might suffocate.
[22:09:20] [pool-29-thread-8/INFO]: [ModelEngine] [A] 
[22:09:20] [pool-29-thread-8/INFO]: [ModelEngine] [A] Importing big_fireball_charge.bbmodel.
[22:09:20] [pool-29-thread-8/WARN]: [ModelEngine] [A] --Warning: Eye height is below 0. Entity might suffocate.
[22:09:20] [pool-29-thread-4/INFO]: [ModelEngine] [A] 
[22:09:20] [pool-29-thread-4/INFO]: [ModelEngine] [A] Importing thunder_explosion_8.bbmodel.
[22:09:20] [pool-29-thread-4/WARN]: [ModelEngine] [A] --Warning: Eye height is below 0. Entity might suffocate.
[22:09:20] [pool-29-thread-10/INFO]: [ModelEngine] [A] 
[22:09:20] [pool-29-thread-10/INFO]: [ModelEngine] [A] Importing thunder_explosion_1.bbmodel.
[22:09:20] [pool-29-thread-10/WARN]: [ModelEngine] [A] --Warning: Eye height is below 0. Entity might suffocate.
[22:09:20] [pool-29-thread-10/INFO]: [ModelEngine] [A] 
[22:09:20] [pool-29-thread-10/INFO]: [ModelEngine] [A] Importing thunder_explosion_10.png.
[22:09:20] [pool-29-thread-10/WARN]: [ModelEngine] [A] --Error: Unknown format.
[22:09:20] [pool-29-thread-10/INFO]: [ModelEngine] [A] 
[22:09:20] [pool-29-thread-10/INFO]: [ModelEngine] [A] Importing thunder_explosion_6.png.
[22:09:20] [pool-29-thread-10/WARN]: [ModelEngine] [A] --Error: Unknown format.
[22:09:20] [pool-29-thread-8/INFO]: [ModelEngine] [A] 
[22:09:20] [pool-29-thread-8/INFO]: [ModelEngine] [A] Importing thunder_explosion_7.bbmodel.
[22:09:20] [pool-29-thread-8/WARN]: [ModelEngine] [A] --Warning: Eye height is below 0. Entity might suffocate.
[22:09:20] [pool-29-thread-4/INFO]: [ModelEngine] [A] 
[22:09:20] [pool-29-thread-4/INFO]: [ModelEngine] [A] Importing thunder_explosion_6.bbmodel.
[22:09:20] [pool-29-thread-4/WARN]: [ModelEngine] [A] --Warning: Eye height is below 0. Entity might suffocate.
[22:09:20] [pool-29-thread-10/INFO]: [ModelEngine] [A] 
[22:09:20] [pool-29-thread-10/INFO]: [ModelEngine] [A] Importing thunder_explosion_3.bbmodel.
[22:09:20] [pool-29-thread-10/WARN]: [ModelEngine] [A] --Warning: Eye height is below 0. Entity might suffocate.
[22:09:20] [pool-29-thread-10/INFO]: [ModelEngine] [A] 
[22:09:20] [pool-29-thread-10/INFO]: [ModelEngine] [A] Importing thunder_explosion_2.png.
[22:09:20] [pool-29-thread-10/WARN]: [ModelEngine] [A] --Error: Unknown format.
[22:09:20] [pool-29-thread-8/INFO]: [ModelEngine] [A] 
[22:09:20] [pool-29-thread-8/INFO]: [ModelEngine] [A] Importing thunder_explosion_4.bbmodel.
[22:09:20] [pool-29-thread-8/WARN]: [ModelEngine] [A] --Warning: Eye height is below 0. Entity might suffocate.
[22:09:20] [pool-29-thread-8/INFO]: [ModelEngine] [A] 
[22:09:20] [pool-29-thread-8/INFO]: [ModelEngine] [A] Importing thunder_explosion_7.png.
[22:09:20] [pool-29-thread-8/WARN]: [ModelEngine] [A] --Error: Unknown format.
[22:09:20] [pool-29-thread-4/INFO]: [ModelEngine] [A] 
[22:09:20] [pool-29-thread-4/INFO]: [ModelEngine] [A] Importing thunder_explosion_2.bbmodel.
[22:09:20] [pool-29-thread-4/WARN]: [ModelEngine] [A] --Warning: Eye height is below 0. Entity might suffocate.
[22:09:20] [pool-29-thread-4/INFO]: [ModelEngine] [A] 
[22:09:20] [pool-29-thread-4/INFO]: [ModelEngine] [A] Importing thunder_explosion_3.png.
[22:09:20] [pool-29-thread-4/WARN]: [ModelEngine] [A] --Error: Unknown format.
[22:09:20] [pool-29-thread-4/INFO]: [ModelEngine] [A] 
[22:09:20] [pool-29-thread-4/INFO]: [ModelEngine] [A] Importing thunder_teleport_4.png.
[22:09:20] [pool-29-thread-4/WARN]: [ModelEngine] [A] --Error: Unknown format.
[22:09:20] [pool-29-thread-7/INFO]: [ModelEngine] [A] 
[22:09:20] [pool-29-thread-7/INFO]: [ModelEngine] [A] Importing em_darkpuker.bbmodel.
[22:09:20] [pool-29-thread-4/INFO]: [ModelEngine] [A] 
[22:09:20] [pool-29-thread-4/INFO]: [ModelEngine] [A] Importing thunder_teleport_8.bbmodel.
[22:09:20] [pool-29-thread-4/WARN]: [ModelEngine] [A] --Warning: Eye height is below 0. Entity might suffocate.
[22:09:20] [pool-29-thread-10/INFO]: [ModelEngine] [A] 
[22:09:20] [pool-29-thread-10/INFO]: [ModelEngine] [A] Importing thunder_explosion_10.bbmodel.
[22:09:20] [pool-29-thread-10/WARN]: [ModelEngine] [A] --Warning: Eye height is below 0. Entity might suffocate.
[22:09:20] [pool-29-thread-10/INFO]: [ModelEngine] [A] 
[22:09:20] [pool-29-thread-10/INFO]: [ModelEngine] [A] Importing thunder_teleport_6.png.
[22:09:20] [pool-29-thread-10/WARN]: [ModelEngine] [A] --Error: Unknown format.
[22:09:20] [pool-29-thread-10/INFO]: [ModelEngine] [A] 
[22:09:20] [pool-29-thread-10/INFO]: [ModelEngine] [A] Importing thunder_teleport_9.png.
[22:09:20] [pool-29-thread-10/WARN]: [ModelEngine] [A] --Error: Unknown format.
[22:09:20] [pool-29-thread-10/INFO]: [ModelEngine] [A] 
[22:09:20] [pool-29-thread-10/INFO]: [ModelEngine] [A] Importing thunder_teleport_5.png.
[22:09:20] [pool-29-thread-10/WARN]: [ModelEngine] [A] --Error: Unknown format.
[22:09:20] [pool-29-thread-10/INFO]: [ModelEngine] [A] 
[22:09:20] [pool-29-thread-10/INFO]: [ModelEngine] [A] Importing thunder_teleport_7.png.
[22:09:20] [pool-29-thread-10/WARN]: [ModelEngine] [A] --Error: Unknown format.
[22:09:20] [pool-29-thread-10/INFO]: [ModelEngine] [A] 
[22:09:20] [pool-29-thread-10/INFO]: [ModelEngine] [A] Importing thunder_teleport_3.png.
[22:09:20] [pool-29-thread-10/WARN]: [ModelEngine] [A] --Error: Unknown format.
[22:09:20] [pool-29-thread-7/INFO]: [ModelEngine] [A] 
[22:09:20] [pool-29-thread-7/INFO]: [ModelEngine] [A] Importing thunder_teleport_7.bbmodel.
[22:09:20] [pool-29-thread-7/WARN]: [ModelEngine] [A] --Warning: Eye height is below 0. Entity might suffocate.
[22:09:20] [pool-29-thread-10/INFO]: [ModelEngine] [A] 
[22:09:20] [pool-29-thread-10/INFO]: [ModelEngine] [A] Importing thunder_teleport_3.bbmodel.
[22:09:20] [pool-29-thread-10/WARN]: [ModelEngine] [A] --Warning: Eye height is below 0. Entity might suffocate.
[22:09:20] [pool-29-thread-10/INFO]: [ModelEngine] [A] 
[22:09:20] [pool-29-thread-10/INFO]: [ModelEngine] [A] Importing thunder_teleport_10.png.
[22:09:20] [pool-29-thread-10/WARN]: [ModelEngine] [A] --Error: Unknown format.
[22:09:20] [pool-29-thread-7/INFO]: [ModelEngine] [A] 
[22:09:20] [pool-29-thread-7/INFO]: [ModelEngine] [A] Importing thunder_teleport_5.bbmodel.
[22:09:20] [pool-29-thread-7/WARN]: [ModelEngine] [A] --Warning: Eye height is below 0. Entity might suffocate.
[22:09:20] [pool-29-thread-4/INFO]: [ModelEngine] [A] 
[22:09:20] [pool-29-thread-4/INFO]: [ModelEngine] [A] Importing thunder_teleport_2.bbmodel.
[22:09:20] [pool-29-thread-4/WARN]: [ModelEngine] [A] --Warning: Eye height is below 0. Entity might suffocate.
[22:09:20] [pool-29-thread-10/INFO]: [ModelEngine] [A] 
[22:09:20] [pool-29-thread-10/INFO]: [ModelEngine] [A] Importing thunder_teleport_6.bbmodel.
[22:09:20] [pool-29-thread-10/WARN]: [ModelEngine] [A] --Warning: Eye height is below 0. Entity might suffocate.
[22:09:20] [pool-29-thread-10/INFO]: [ModelEngine] [A] 
[22:09:20] [pool-29-thread-10/INFO]: [ModelEngine] [A] Importing thunder_teleport_1.png.
[22:09:20] [pool-29-thread-10/WARN]: [ModelEngine] [A] --Error: Unknown format.
[22:09:20] [pool-29-thread-10/INFO]: [ModelEngine] [A] 
[22:09:20] [pool-29-thread-10/INFO]: [ModelEngine] [A] Importing thunder_teleport_8.png.
[22:09:20] [pool-29-thread-10/WARN]: [ModelEngine] [A] --Error: Unknown format.
[22:09:20] [pool-29-thread-10/INFO]: [ModelEngine] [A] 
[22:09:20] [pool-29-thread-10/INFO]: [ModelEngine] [A] Importing thunder_teleport_2.png.
[22:09:20] [pool-29-thread-10/WARN]: [ModelEngine] [A] --Error: Unknown format.
[22:09:20] [pool-29-thread-4/INFO]: [ModelEngine] [A] 
[22:09:20] [pool-29-thread-4/INFO]: [ModelEngine] [A] Importing thunder_teleport_10.bbmodel.
[22:09:20] [pool-29-thread-4/WARN]: [ModelEngine] [A] --Warning: Eye height is below 0. Entity might suffocate.
[22:09:20] [pool-29-thread-7/INFO]: [ModelEngine] [A] 
[22:09:20] [pool-29-thread-7/INFO]: [ModelEngine] [A] Importing thunder_teleport_9.bbmodel.
[22:09:20] [pool-29-thread-7/WARN]: [ModelEngine] [A] --Warning: Eye height is below 0. Entity might suffocate.
[22:09:20] [pool-29-thread-1/INFO]: [ModelEngine] [A] 
[22:09:20] [pool-29-thread-1/INFO]: [ModelEngine] [A] Importing em_darklurker.bbmodel.
[22:09:20] [pool-29-thread-1/INFO]: [ModelEngine] [A] 
[22:09:20] [pool-29-thread-1/INFO]: [ModelEngine] [A] Importing glacial_spike.png.
[22:09:20] [pool-29-thread-1/WARN]: [ModelEngine] [A] --Error: Unknown format.
[22:09:20] [pool-29-thread-1/INFO]: [ModelEngine] [A] 
[22:09:20] [pool-29-thread-1/INFO]: [ModelEngine] [A] Importing fireball_long.png.
[22:09:20] [pool-29-thread-1/WARN]: [ModelEngine] [A] --Error: Unknown format.
[22:09:20] [pool-29-thread-8/INFO]: [ModelEngine] [A] 
[22:09:20] [pool-29-thread-8/INFO]: [ModelEngine] [A] Importing thunder_explosion_5.bbmodel.
[22:09:20] [pool-29-thread-8/WARN]: [ModelEngine] [A] --Warning: Eye height is below 0. Entity might suffocate.
[22:09:20] [pool-29-thread-10/INFO]: [ModelEngine] [A] 
[22:09:20] [pool-29-thread-10/INFO]: [ModelEngine] [A] Importing thunder_teleport_4.bbmodel.
[22:09:20] [pool-29-thread-10/WARN]: [ModelEngine] [A] --Warning: Eye height is below 0. Entity might suffocate.
[22:09:20] [pool-29-thread-10/INFO]: [ModelEngine] [A] 
[22:09:20] [pool-29-thread-10/INFO]: [ModelEngine] [A] Importing fireball_explosion_2.png.
[22:09:20] [pool-29-thread-10/WARN]: [ModelEngine] [A] --Error: Unknown format.
[22:09:20] [pool-29-thread-10/INFO]: [ModelEngine] [A] 
[22:09:20] [pool-29-thread-10/INFO]: [ModelEngine] [A] Importing fireball_explosion_7.png.
[22:09:20] [pool-29-thread-10/WARN]: [ModelEngine] [A] --Error: Unknown format.
[22:09:20] [pool-29-thread-10/INFO]: [ModelEngine] [A] 
[22:09:20] [pool-29-thread-10/INFO]: [ModelEngine] [A] Importing fireball_explosion_8.png.
[22:09:20] [pool-29-thread-10/WARN]: [ModelEngine] [A] --Error: Unknown format.
[22:09:20] [pool-29-thread-4/INFO]: [ModelEngine] [A] 
[22:09:20] [pool-29-thread-4/INFO]: [ModelEngine] [A] Importing thunder_teleport_1.bbmodel.
[22:09:20] [pool-29-thread-4/WARN]: [ModelEngine] [A] --Warning: Eye height is below 0. Entity might suffocate.
[22:09:20] [pool-29-thread-1/INFO]: [ModelEngine] [A] 
[22:09:20] [pool-29-thread-1/INFO]: [ModelEngine] [A] Importing fireball.bbmodel.
[22:09:20] [pool-29-thread-1/WARN]: [ModelEngine] [A] --Warning: Eye height is below 0. Entity might suffocate.
[22:09:20] [pool-29-thread-8/INFO]: [ModelEngine] [A] 
[22:09:20] [pool-29-thread-8/INFO]: [ModelEngine] [A] Importing fireball_explosion_8.bbmodel.
[22:09:20] [pool-29-thread-8/WARN]: [ModelEngine] [A] --Warning: Eye height is below 0. Entity might suffocate.
[22:09:20] [pool-29-thread-8/INFO]: [ModelEngine] [A] 
[22:09:20] [pool-29-thread-8/INFO]: [ModelEngine] [A] Importing fireball_explosion_3.png.
[22:09:20] [pool-29-thread-8/WARN]: [ModelEngine] [A] --Error: Unknown format.
[22:09:20] [pool-29-thread-8/INFO]: [ModelEngine] [A] 
[22:09:20] [pool-29-thread-8/INFO]: [ModelEngine] [A] Importing fireball_explosion_1.png.
[22:09:20] [pool-29-thread-8/WARN]: [ModelEngine] [A] --Error: Unknown format.
[22:09:20] [pool-29-thread-4/INFO]: [ModelEngine] [A] 
[22:09:20] [pool-29-thread-4/INFO]: [ModelEngine] [A] Importing fireball_explosion_6.bbmodel.
[22:09:20] [pool-29-thread-4/WARN]: [ModelEngine] [A] --Warning: Eye height is below 0. Entity might suffocate.
[22:09:20] [pool-29-thread-8/INFO]: [ModelEngine] [A] 
[22:09:20] [pool-29-thread-8/INFO]: [ModelEngine] [A] Importing fireball_explosion_5.bbmodel.
[22:09:20] [pool-29-thread-8/WARN]: [ModelEngine] [A] --Warning: Eye height is below 0. Entity might suffocate.
[22:09:20] [pool-29-thread-8/INFO]: [ModelEngine] [A] 
[22:09:20] [pool-29-thread-8/INFO]: [ModelEngine] [A] Importing fireball_explosion_4.png.
[22:09:20] [pool-29-thread-8/WARN]: [ModelEngine] [A] --Error: Unknown format.
[22:09:20] [pool-29-thread-8/INFO]: [ModelEngine] [A] 
[22:09:20] [pool-29-thread-8/INFO]: [ModelEngine] [A] Importing fireball_explosion_5.png.
[22:09:20] [pool-29-thread-8/WARN]: [ModelEngine] [A] --Error: Unknown format.
[22:09:20] [pool-29-thread-8/INFO]: [ModelEngine] [A] 
[22:09:20] [pool-29-thread-8/INFO]: [ModelEngine] [A] Importing fireball_explosion_6.png.
[22:09:20] [pool-29-thread-8/WARN]: [ModelEngine] [A] --Error: Unknown format.
[22:09:20] [pool-29-thread-10/INFO]: [ModelEngine] [A] 
[22:09:20] [pool-29-thread-10/INFO]: [ModelEngine] [A] Importing fireball_explosion_1.bbmodel.
[22:09:20] [pool-29-thread-10/WARN]: [ModelEngine] [A] --Warning: Eye height is below 0. Entity might suffocate.
[22:09:20] [pool-29-thread-1/INFO]: [ModelEngine] [A] 
[22:09:20] [pool-29-thread-1/INFO]: [ModelEngine] [A] Importing fireball_explosion_2.bbmodel.
[22:09:20] [pool-29-thread-1/WARN]: [ModelEngine] [A] --Warning: Eye height is below 0. Entity might suffocate.
[22:09:20] [pool-29-thread-1/INFO]: [ModelEngine] [A] 
[22:09:20] [pool-29-thread-1/INFO]: [ModelEngine] [A] Importing thunder_strike_6.png.
[22:09:20] [pool-29-thread-1/WARN]: [ModelEngine] [A] --Error: Unknown format.
[22:09:20] [pool-29-thread-1/INFO]: [ModelEngine] [A] 
[22:09:20] [pool-29-thread-1/INFO]: [ModelEngine] [A] Importing thunder_strike_3.png.
[22:09:20] [pool-29-thread-1/WARN]: [ModelEngine] [A] --Error: Unknown format.
[22:09:20] [pool-29-thread-7/INFO]: [ModelEngine] [A] 
[22:09:20] [pool-29-thread-7/INFO]: [ModelEngine] [A] Importing glacial_spike.bbmodel.
[22:09:20] [pool-29-thread-7/WARN]: [ModelEngine] [A] --Warning: Eye height is below 0. Entity might suffocate.
[22:09:20] [pool-29-thread-8/INFO]: [ModelEngine] [A] 
[22:09:20] [pool-29-thread-8/INFO]: [ModelEngine] [A] Importing fireball_explosion_7.bbmodel.
[22:09:20] [pool-29-thread-8/WARN]: [ModelEngine] [A] --Warning: Eye height is below 0. Entity might suffocate.
[22:09:20] [pool-29-thread-8/INFO]: [ModelEngine] [A] 
[22:09:20] [pool-29-thread-8/INFO]: [ModelEngine] [A] Importing thunder_strike_7.png.
[22:09:20] [pool-29-thread-8/WARN]: [ModelEngine] [A] --Error: Unknown format.
[22:09:20] [pool-29-thread-10/INFO]: [ModelEngine] [A] 
[22:09:20] [pool-29-thread-10/INFO]: [ModelEngine] [A] Importing fireball_explosion_4.bbmodel.
[22:09:20] [pool-29-thread-10/WARN]: [ModelEngine] [A] --Warning: Eye height is below 0. Entity might suffocate.
[22:09:20] [pool-29-thread-10/INFO]: [ModelEngine] [A] 
[22:09:20] [pool-29-thread-10/INFO]: [ModelEngine] [A] Importing thunder_strike_5.png.
[22:09:20] [pool-29-thread-10/WARN]: [ModelEngine] [A] --Error: Unknown format.
[22:09:20] [pool-29-thread-1/INFO]: [ModelEngine] [A] 
[22:09:20] [pool-29-thread-1/INFO]: [ModelEngine] [A] Importing thunder_strike_7.bbmodel.
[22:09:20] [pool-29-thread-1/WARN]: [ModelEngine] [A] --Warning: Eye height is below 0. Entity might suffocate.
[22:09:20] [pool-29-thread-4/INFO]: [ModelEngine] [A] 
[22:09:20] [pool-29-thread-4/INFO]: [ModelEngine] [A] Importing fireball_explosion_3.bbmodel.
[22:09:20] [pool-29-thread-4/WARN]: [ModelEngine] [A] --Warning: Eye height is below 0. Entity might suffocate.
[22:09:20] [pool-29-thread-4/INFO]: [ModelEngine] [A] 
[22:09:20] [pool-29-thread-4/INFO]: [ModelEngine] [A] Importing thunder_strike_1.png.
[22:09:20] [pool-29-thread-4/WARN]: [ModelEngine] [A] --Error: Unknown format.
[22:09:20] [pool-29-thread-7/INFO]: [ModelEngine] [A] 
[22:09:20] [pool-29-thread-7/INFO]: [ModelEngine] [A] Importing thunder_strike_1.bbmodel.
[22:09:20] [pool-29-thread-7/WARN]: [ModelEngine] [A] --Warning: Eye height is below 0. Entity might suffocate.
[22:09:20] [pool-29-thread-10/INFO]: [ModelEngine] [A] 
[22:09:20] [pool-29-thread-10/INFO]: [ModelEngine] [A] Importing thunder_strike_4.bbmodel.
[22:09:20] [pool-29-thread-10/WARN]: [ModelEngine] [A] --Warning: Eye height is below 0. Entity might suffocate.
[22:09:20] [pool-29-thread-10/INFO]: [ModelEngine] [A] 
[22:09:20] [pool-29-thread-10/INFO]: [ModelEngine] [A] Importing thunder_strike_8.png.
[22:09:20] [pool-29-thread-10/WARN]: [ModelEngine] [A] --Error: Unknown format.
[22:09:20] [pool-29-thread-10/INFO]: [ModelEngine] [A] 
[22:09:20] [pool-29-thread-10/INFO]: [ModelEngine] [A] Importing thunder_strike_4.png.
[22:09:20] [pool-29-thread-10/WARN]: [ModelEngine] [A] --Error: Unknown format.
[22:09:20] [pool-29-thread-10/INFO]: [ModelEngine] [A] 
[22:09:20] [pool-29-thread-10/INFO]: [ModelEngine] [A] Importing thunder_strike_2.png.
[22:09:20] [pool-29-thread-10/WARN]: [ModelEngine] [A] --Error: Unknown format.
[22:09:20] [pool-29-thread-8/INFO]: [ModelEngine] [A] 
[22:09:20] [pool-29-thread-8/INFO]: [ModelEngine] [A] Importing thunder_strike_6.bbmodel.
[22:09:20] [pool-29-thread-8/WARN]: [ModelEngine] [A] --Warning: Eye height is below 0. Entity might suffocate.
[22:09:20] [pool-29-thread-4/INFO]: [ModelEngine] [A] 
[22:09:20] [pool-29-thread-4/INFO]: [ModelEngine] [A] Importing thunder_strike_3.bbmodel.
[22:09:20] [pool-29-thread-4/WARN]: [ModelEngine] [A] --Warning: Eye height is below 0. Entity might suffocate.
[22:09:20] [pool-29-thread-7/INFO]: [ModelEngine] [A] 
[22:09:20] [pool-29-thread-7/INFO]: [ModelEngine] [A] Importing thunder_strike_8.bbmodel.
[22:09:20] [pool-29-thread-7/WARN]: [ModelEngine] [A] --Warning: Eye height is below 0. Entity might suffocate.
[22:09:20] [pool-29-thread-1/INFO]: [ModelEngine] [A] 
[22:09:20] [pool-29-thread-1/INFO]: [ModelEngine] [A] Importing thunder_strike_5.bbmodel.
[22:09:20] [pool-29-thread-1/WARN]: [ModelEngine] [A] --Warning: Eye height is below 0. Entity might suffocate.
[22:09:20] [pool-29-thread-10/INFO]: [ModelEngine] [A] 
[22:09:20] [pool-29-thread-10/INFO]: [ModelEngine] [A] Importing thunder_strike_2.bbmodel.
[22:09:20] [pool-29-thread-10/WARN]: [ModelEngine] [A] --Warning: Eye height is below 0. Entity might suffocate.
[22:09:20] [Server thread/INFO]: [HMCCosmetics] Successfully Enabled HMCCosmetics
[22:09:20] [Server thread/INFO]: [HMCCosmetics] 24 Cosmetics Successfully Setup
[22:09:20] [Server thread/INFO]: [HMCCosmetics] 7 Menus Successfully Setup
[22:09:20] [Server thread/INFO]: [HMCCosmetics] 1 Wardrobes Successfully Setup
[22:09:20] [Server thread/INFO]: [HMCCosmetics] Data storage is set to sqlite
[22:09:20] [pool-29-thread-9/INFO]: [ModelEngine] [A] 
[22:09:20] [pool-29-thread-9/INFO]: [ModelEngine] [A] Importing fallen_mauler.bbmodel.
[22:09:20] [pool-29-thread-5/INFO]: [ModelEngine] [A] 
[22:09:20] [pool-29-thread-5/INFO]: [ModelEngine] [A] Importing em_corruptedbrute.bbmodel.
[22:09:20] [pool-29-thread-3/INFO]: [ModelEngine] [A] 
[22:09:20] [pool-29-thread-3/INFO]: [ModelEngine] [A] Importing mso_overlord.bbmodel.
[22:09:20] [pool-29-thread-6/INFO]: [ModelEngine] [A] 
[22:09:20] [pool-29-thread-6/INFO]: [ModelEngine] [A] Importing mso_overlord_soulfire.bbmodel.
[22:09:20] [pool-29-thread-2/INFO]: [ModelEngine] [A] 
[22:09:20] [pool-29-thread-2/INFO]: [ModelEngine] [A] Importing mso_overlord_stage1.bbmodel.
[22:09:31] [Server thread/INFO]: [BetterHud] Successfully merged with Nexo.
[22:09:32] [pool-29-thread-10/INFO]: [ModelEngine] [A] 
[22:09:32] [pool-29-thread-10/INFO]: [ModelEngine] [A] Resource pack zipped.
[22:09:32] [pool-29-thread-10/INFO]: [ModelEngine] [A] Generator Profiled:
[22:09:32] [pool-29-thread-10/INFO]: [ModelEngine] [A]  - Import Phase: 2,147.8ms
[22:09:32] [pool-29-thread-10/INFO]: [ModelEngine] [A]  - Assets Phase: 2,658.7ms
[22:09:32] [pool-29-thread-10/INFO]: [ModelEngine] [A]  - Zipping Phase: 9,354.1ms
[22:09:32] [pool-29-thread-10/INFO]: Nexo | ModelEngine ResourcePack is ready.
[22:09:32] [ForkJoinPool.commonPool-worker-2/INFO]: Nexo | Generating resourcepack...
[22:09:32] [ForkJoinPool.commonPool-worker-2/INFO]: Nexo | Importing DefaultPack...
[22:09:32] [ForkJoinPool.commonPool-worker-2/INFO]: Nexo | Importing external-pack CustomNameplates...
[22:09:32] [ForkJoinPool.commonPool-worker-2/INFO]: Nexo | Importing external-pack argos...
[22:09:32] [ForkJoinPool.commonPool-worker-2/INFO]: Nexo | Importing external-pack bahamut...
[22:09:32] [ForkJoinPool.commonPool-worker-2/INFO]: Nexo | Importing external-pack cbackpacks...
[22:09:32] [ForkJoinPool.commonPool-worker-2/INFO]: Nexo | Importing external-pack endmobsvol1...
[22:09:32] [ForkJoinPool.commonPool-worker-2/INFO]: Nexo | Importing external-pack frostbite...
[22:09:32] [ForkJoinPool.commonPool-worker-2/INFO]: Nexo | Importing external-pack hud...
[22:09:32] [ForkJoinPool.commonPool-worker-2/INFO]: Nexo | Importing external-pack mage...
[22:09:32] [Server thread/INFO]: No players detected
[22:09:32] [Server thread/INFO]: Optimizing for Pre-Generation
[22:09:32] [ForkJoinPool.commonPool-worker-2/INFO]: Nexo | Importing external-pack malevolent...
[22:09:32] [Server thread/WARN]: java.lang.ClassCastException: class kotlin.io.FileTreeWalk cannot be cast to class kotlin.sequences.Sequence (kotlin.io.FileTreeWalk is in unnamed module of loader 'eco-6.76.2-all.jar' @3330208f; kotlin.sequences.Sequence is in unnamed module of loader io.papermc.paper.plugin.entrypoint.classloader.BytecodeModifyingURLClassLoader @49b8e4d1)
[22:09:32] [Server thread/WARN]: 	at EcoEnchants v12.23.1-NzI4MQ==.jar//com.willfp.ecoenchants.libreforge.loader.LibreforgePlugin.doFetchConfigs(LibreforgePlugin.kt:194)
[22:09:32] [Server thread/WARN]: 	at EcoEnchants v12.23.1-NzI4MQ==.jar//com.willfp.ecoenchants.libreforge.loader.LibreforgePlugin.fetchConfigs(LibreforgePlugin.kt:181)
[22:09:32] [Server thread/WARN]: 	at EcoEnchants v12.23.1-NzI4MQ==.jar//com.willfp.ecoenchants.libreforge.loader.LibreforgePlugin.loadCategory(LibreforgePlugin.kt:94)
[22:09:32] [Server thread/WARN]: 	at EcoEnchants v12.23.1-NzI4MQ==.jar//com.willfp.ecoenchants.libreforge.loader.LibreforgePlugin.loadCategory$default(LibreforgePlugin.kt:84)
[22:09:32] [Server thread/WARN]: 	at EcoEnchants v12.23.1-NzI4MQ==.jar//com.willfp.ecoenchants.libreforge.loader.LibreforgePlugin._init_$lambda$6(LibreforgePlugin.kt:79)
[22:09:32] [Server thread/WARN]: 	at eco-6.76.2-all.jar//com.willfp.eco.core.EcoPlugin.handleLifecycle(EcoPlugin.java:727)
[22:09:32] [Server thread/WARN]: 	at eco-6.76.2-all.jar//com.willfp.eco.core.EcoPlugin.reload(EcoPlugin.java:653)
[22:09:32] [Server thread/WARN]: 	at eco-6.76.2-all.jar//com.willfp.eco.core.EcoPlugin.lambda$onEnable$6(EcoPlugin.java:448)
[22:09:32] [Server thread/WARN]: 	at org.bukkit.craftbukkit.scheduler.CraftTask.run(CraftTask.java:78)
[22:09:32] [Server thread/WARN]: 	at org.bukkit.craftbukkit.scheduler.CraftScheduler.mainThreadHeartbeat(CraftScheduler.java:474)
[22:09:32] [Server thread/WARN]: 	at net.minecraft.server.MinecraftServer.runServer(MinecraftServer.java:1176)
[22:09:32] [Server thread/WARN]: 	at net.minecraft.server.MinecraftServer.lambda$spin$2(MinecraftServer.java:311)
[22:09:32] [Server thread/WARN]: 	at java.base/java.lang.Thread.run(Thread.java:1583)
[22:09:32] [ForkJoinPool.commonPool-worker-2/INFO]: Nexo | Importing external-pack mender...
[22:09:32] [ForkJoinPool.commonPool-worker-2/INFO]: Nexo | Importing external-pack oni...
[22:09:32] [Server thread/WARN]: [MythicMobs] ✗ Config Error for Targeter line 'se': Failed to load custom targeter SE
[22:09:32] [Server thread/WARN]: [MythicMobs] ✗ Config Error for Targeter line 'se': Failed to load custom targeter SE
[22:09:32] [Server thread/WARN]: [MythicMobs] ✗ Configuration Error in Drop oraxen phantasmal_eye_of_ender 1 0.05
[22:09:32] [Server thread/WARN]: [MythicMobs] --| File: /workspaces/fantastic-winner/servidor_minecraft/plugins/MythicMobs/mobs/empowered_end_mobs_mob.yml
[22:09:32] [Server thread/WARN]: [MythicMobs] --| Error Message: Drop type not found.
[22:09:32] [Server thread/WARN]: [MythicMobs] ✗ Configuration Error in Drop oraxen void_fabric 1 0.6
[22:09:32] [Server thread/WARN]: [MythicMobs] --| File: /workspaces/fantastic-winner/servidor_minecraft/plugins/MythicMobs/mobs/empowered_end_mobs_mob.yml
[22:09:32] [Server thread/WARN]: [MythicMobs] --| Error Message: Drop type not found.
[22:09:32] [Server thread/WARN]: [MythicMobs] ✗ Configuration Error in Drop oraxen heart_of_ender 1 0.4
[22:09:32] [Server thread/WARN]: [MythicMobs] --| File: /workspaces/fantastic-winner/servidor_minecraft/plugins/MythicMobs/mobs/empowered_end_mobs_mob.yml
[22:09:32] [Server thread/WARN]: [MythicMobs] --| Error Message: Drop type not found.
[22:09:32] [Server thread/WARN]: [MythicMobs] ✗ Configuration Error in Drop oraxen end_soul 1 0.15
[22:09:32] [Server thread/WARN]: [MythicMobs] --| File: /workspaces/fantastic-winner/servidor_minecraft/plugins/MythicMobs/mobs/empowered_end_mobs_mob.yml
[22:09:32] [Server thread/WARN]: [MythicMobs] --| Error Message: Drop type not found.
[22:09:32] [Server thread/WARN]: [MythicMobs] ✗ Configuration Error in Drop oraxen empowered_void_crystal 1 0.05
[22:09:32] [Server thread/WARN]: [MythicMobs] --| File: /workspaces/fantastic-winner/servidor_minecraft/plugins/MythicMobs/mobs/empowered_end_mobs_mob.yml
[22:09:32] [Server thread/WARN]: [MythicMobs] --| Error Message: Drop type not found.
[22:09:32] [Server thread/WARN]: [MythicMobs] ✗ Configuration Error in Drop oraxen void_fabric 1 0.8
[22:09:32] [Server thread/WARN]: [MythicMobs] --| File: /workspaces/fantastic-winner/servidor_minecraft/plugins/MythicMobs/mobs/empowered_end_mobs_mob.yml
[22:09:32] [Server thread/WARN]: [MythicMobs] --| Error Message: Drop type not found.
[22:09:32] [Server thread/WARN]: [MythicMobs] ✗ Configuration Error in Drop oraxen ender_carapace 1 0.8
[22:09:32] [Server thread/WARN]: [MythicMobs] --| File: /workspaces/fantastic-winner/servidor_minecraft/plugins/MythicMobs/mobs/empowered_end_mobs_mob.yml
[22:09:32] [Server thread/WARN]: [MythicMobs] --| Error Message: Drop type not found.
[22:09:32] [Server thread/WARN]: [MythicMobs] ✗ Configuration Error in Drop oraxen end_soul 1 0.15
[22:09:32] [Server thread/WARN]: [MythicMobs] --| File: /workspaces/fantastic-winner/servidor_minecraft/plugins/MythicMobs/mobs/empowered_end_mobs_mob.yml
[22:09:32] [Server thread/WARN]: [MythicMobs] --| Error Message: Drop type not found.
[22:09:32] [Server thread/WARN]: [MythicMobs] ✗ Configuration Error in Drop oraxen empowered_heart_of_ender 1 0.05
[22:09:32] [Server thread/WARN]: [MythicMobs] --| File: /workspaces/fantastic-winner/servidor_minecraft/plugins/MythicMobs/mobs/empowered_end_mobs_mob.yml
[22:09:32] [Server thread/WARN]: [MythicMobs] --| Error Message: Drop type not found.
[22:09:32] [Server thread/WARN]: [MythicMobs] ✗ Configuration Error in Drop oraxen empowered_void_crystal 1 0.05
[22:09:32] [Server thread/WARN]: [MythicMobs] --| File: /workspaces/fantastic-winner/servidor_minecraft/plugins/MythicMobs/mobs/empowered_end_mobs_mob.yml
[22:09:32] [Server thread/WARN]: [MythicMobs] --| Error Message: Drop type not found.
[22:09:32] [Server thread/WARN]: [MythicMobs] ✗ Configuration Error in Drop oraxen ender_carapace 1 0.8
[22:09:32] [Server thread/WARN]: [MythicMobs] --| File: /workspaces/fantastic-winner/servidor_minecraft/plugins/MythicMobs/mobs/empowered_end_mobs_mob.yml
[22:09:32] [Server thread/WARN]: [MythicMobs] --| Error Message: Drop type not found.
[22:09:32] [Server thread/WARN]: [MythicMobs] ✗ Configuration Error in Drop oraxen void_fabric 1 0.6
[22:09:32] [Server thread/WARN]: [MythicMobs] --| File: /workspaces/fantastic-winner/servidor_minecraft/plugins/MythicMobs/mobs/empowered_end_mobs_mob.yml
[22:09:32] [Server thread/WARN]: [MythicMobs] --| Error Message: Drop type not found.
[22:09:32] [Server thread/WARN]: [MythicMobs] ✗ Configuration Error in Drop oraxen void_growth 1 0.6
[22:09:32] [Server thread/WARN]: [MythicMobs] --| File: /workspaces/fantastic-winner/servidor_minecraft/plugins/MythicMobs/mobs/empowered_end_mobs_mob.yml
[22:09:32] [Server thread/WARN]: [MythicMobs] --| Error Message: Drop type not found.
[22:09:32] [Server thread/WARN]: [MythicMobs] ✗ Configuration Error in Drop oraxen end_soul 1 0.15
[22:09:32] [Server thread/WARN]: [MythicMobs] --| File: /workspaces/fantastic-winner/servidor_minecraft/plugins/MythicMobs/mobs/empowered_end_mobs_mob.yml
[22:09:32] [Server thread/WARN]: [MythicMobs] --| Error Message: Drop type not found.
[22:09:32] [Server thread/WARN]: [MythicMobs] ✗ Configuration Error in Drop oraxen empowered_heart_of_ender 1 0.05
[22:09:32] [Server thread/WARN]: [MythicMobs] --| File: /workspaces/fantastic-winner/servidor_minecraft/plugins/MythicMobs/mobs/empowered_end_mobs_mob.yml
[22:09:32] [Server thread/WARN]: [MythicMobs] --| Error Message: Drop type not found.
[22:09:32] [Server thread/WARN]: [MythicMobs] ✗ Configuration Error in Drop oraxen phantasmal_eye_of_ender 1 0.8
[22:09:32] [Server thread/WARN]: [MythicMobs] --| File: /workspaces/fantastic-winner/servidor_minecraft/plugins/MythicMobs/mobs/empowered_end_mobs_mob.yml
[22:09:32] [Server thread/WARN]: [MythicMobs] --| Error Message: Drop type not found.
[22:09:32] [Server thread/WARN]: [MythicMobs] ✗ Configuration Error in Drop oraxen void_fabric 1 0.8
[22:09:32] [Server thread/WARN]: [MythicMobs] --| File: /workspaces/fantastic-winner/servidor_minecraft/plugins/MythicMobs/mobs/empowered_end_mobs_mob.yml
[22:09:32] [Server thread/WARN]: [MythicMobs] --| Error Message: Drop type not found.
[22:09:32] [Server thread/WARN]: [MythicMobs] ✗ Configuration Error in Drop oraxen void_growth 1 0.8
[22:09:32] [Server thread/WARN]: [MythicMobs] --| File: /workspaces/fantastic-winner/servidor_minecraft/plugins/MythicMobs/mobs/empowered_end_mobs_mob.yml
[22:09:32] [Server thread/WARN]: [MythicMobs] --| Error Message: Drop type not found.
[22:09:32] [Server thread/WARN]: [MythicMobs] ✗ Configuration Error in Drop oraxen empowered_void_crystal 1 0.6
[22:09:32] [Server thread/WARN]: [MythicMobs] --| File: /workspaces/fantastic-winner/servidor_minecraft/plugins/MythicMobs/mobs/empowered_end_mobs_mob.yml
[22:09:32] [Server thread/WARN]: [MythicMobs] --| Error Message: Drop type not found.
[22:09:32] [Server thread/WARN]: [MythicMobs] ✗ Configuration Error in Drop oraxen end_soul 1 0.4
[22:09:32] [Server thread/WARN]: [MythicMobs] --| File: /workspaces/fantastic-winner/servidor_minecraft/plugins/MythicMobs/mobs/empowered_end_mobs_mob.yml
[22:09:32] [Server thread/WARN]: [MythicMobs] --| Error Message: Drop type not found.
[22:09:32] [Server thread/WARN]: [MythicMobs] ✗ Configuration Error in Drop oraxen empowered_heart_of_ender 1 0.15
[22:09:32] [Server thread/WARN]: [MythicMobs] --| File: /workspaces/fantastic-winner/servidor_minecraft/plugins/MythicMobs/mobs/empowered_end_mobs_mob.yml
[22:09:32] [Server thread/WARN]: [MythicMobs] --| Error Message: Drop type not found.
[22:09:32] [Server thread/WARN]: [MythicMobs] ✗ Configuration Error in Drop oraxen void_fabric 1 0.4
[22:09:32] [Server thread/WARN]: [MythicMobs] --| File: /workspaces/fantastic-winner/servidor_minecraft/plugins/MythicMobs/mobs/empowered_end_mobs_mob.yml
[22:09:32] [Server thread/WARN]: [MythicMobs] --| Error Message: Drop type not found.
[22:09:32] [Server thread/WARN]: [MythicMobs] ✗ Configuration Error in Drop oraxen empowered_void_claw 1 0.15
[22:09:32] [Server thread/WARN]: [MythicMobs] --| File: /workspaces/fantastic-winner/servidor_minecraft/plugins/MythicMobs/mobs/empowered_end_mobs_mob.yml
[22:09:32] [Server thread/WARN]: [MythicMobs] --| Error Message: Drop type not found.
[22:09:32] [Server thread/WARN]: [MythicMobs] ✗ Configuration Error in Drop oraxen end_soul 1 0.05
[22:09:32] [Server thread/WARN]: [MythicMobs] --| File: /workspaces/fantastic-winner/servidor_minecraft/plugins/MythicMobs/mobs/empowered_end_mobs_mob.yml
[22:09:32] [Server thread/WARN]: [MythicMobs] --| Error Message: Drop type not found.
[22:09:32] [Server thread/WARN]: [MythicMobs] ✗ Configuration Error in Drop oraxen phantasmal_eye_of_ender 1-2 0.8
[22:09:32] [Server thread/WARN]: [MythicMobs] --| File: /workspaces/fantastic-winner/servidor_minecraft/plugins/MythicMobs/mobs/empowered_end_mobs_mob.yml
[22:09:32] [Server thread/WARN]: [MythicMobs] --| Error Message: Drop type not found.
[22:09:32] [Server thread/WARN]: [MythicMobs] ✗ Configuration Error in Drop oraxen third_eye_of_ender 1-2 0.8
[22:09:32] [Server thread/WARN]: [MythicMobs] --| File: /workspaces/fantastic-winner/servidor_minecraft/plugins/MythicMobs/mobs/empowered_end_mobs_mob.yml
[22:09:32] [Server thread/WARN]: [MythicMobs] --| Error Message: Drop type not found.
[22:09:32] [Server thread/WARN]: [MythicMobs] ✗ Configuration Error in Drop oraxen void_fabric 1 0.6
[22:09:32] [Server thread/WARN]: [MythicMobs] --| File: /workspaces/fantastic-winner/servidor_minecraft/plugins/MythicMobs/mobs/empowered_end_mobs_mob.yml
[22:09:32] [Server thread/WARN]: [MythicMobs] --| Error Message: Drop type not found.
[22:09:32] [Server thread/WARN]: [MythicMobs] ✗ Configuration Error in Drop oraxen ender_carapace 1 0.6
[22:09:32] [Server thread/WARN]: [MythicMobs] --| File: /workspaces/fantastic-winner/servidor_minecraft/plugins/MythicMobs/mobs/empowered_end_mobs_mob.yml
[22:09:32] [Server thread/WARN]: [MythicMobs] --| Error Message: Drop type not found.
[22:09:32] [Server thread/WARN]: [MythicMobs] ✗ Configuration Error in Drop oraxen void_growth 1 0.6
[22:09:32] [Server thread/WARN]: [MythicMobs] --| File: /workspaces/fantastic-winner/servidor_minecraft/plugins/MythicMobs/mobs/empowered_end_mobs_mob.yml
[22:09:32] [Server thread/WARN]: [MythicMobs] --| Error Message: Drop type not found.
[22:09:32] [Server thread/WARN]: [MythicMobs] ✗ Configuration Error in Drop oraxen empowered_heart_of_ender 1 0.6
[22:09:32] [Server thread/WARN]: [MythicMobs] --| File: /workspaces/fantastic-winner/servidor_minecraft/plugins/MythicMobs/mobs/empowered_end_mobs_mob.yml
[22:09:32] [Server thread/WARN]: [MythicMobs] --| Error Message: Drop type not found.
[22:09:32] [Server thread/WARN]: [MythicMobs] ✗ Configuration Error in Drop oraxen empowered_void_claw 1 0.6
[22:09:32] [Server thread/WARN]: [MythicMobs] --| File: /workspaces/fantastic-winner/servidor_minecraft/plugins/MythicMobs/mobs/empowered_end_mobs_mob.yml
[22:09:32] [Server thread/WARN]: [MythicMobs] --| Error Message: Drop type not found.
[22:09:32] [Server thread/WARN]: [MythicMobs] ✗ Configuration Error in Drop oraxen empowered_void_tendril 1 0.4
[22:09:32] [Server thread/WARN]: [MythicMobs] --| File: /workspaces/fantastic-winner/servidor_minecraft/plugins/MythicMobs/mobs/empowered_end_mobs_mob.yml
[22:09:32] [Server thread/WARN]: [MythicMobs] --| Error Message: Drop type not found.
[22:09:32] [Server thread/WARN]: [MythicMobs] ✗ Configuration Error in Drop oraxen empowered_void_crystal 1 0.15
[22:09:32] [Server thread/WARN]: [MythicMobs] --| File: /workspaces/fantastic-winner/servidor_minecraft/plugins/MythicMobs/mobs/empowered_end_mobs_mob.yml
[22:09:32] [Server thread/WARN]: [MythicMobs] --| Error Message: Drop type not found.
[22:09:32] [Server thread/WARN]: [MythicMobs] ✗ Configuration Error in Drop oraxen void_fabric 32-48 1
[22:09:32] [Server thread/WARN]: [MythicMobs] --| File: /workspaces/fantastic-winner/servidor_minecraft/plugins/MythicMobs/mobs/empowered_end_mobs_mob.yml
[22:09:32] [Server thread/WARN]: [MythicMobs] --| Error Message: Drop type not found.
[22:09:32] [Server thread/WARN]: [MythicMobs] ✗ Configuration Error in Drop oraxen ender_carapace 16-24 1
[22:09:32] [Server thread/WARN]: [MythicMobs] --| File: /workspaces/fantastic-winner/servidor_minecraft/plugins/MythicMobs/mobs/empowered_end_mobs_mob.yml
[22:09:32] [Server thread/WARN]: [MythicMobs] --| Error Message: Drop type not found.
[22:09:32] [Server thread/WARN]: [MythicMobs] ✗ Configuration Error in Drop oraxen void_growth 16-24 1
[22:09:32] [Server thread/WARN]: [MythicMobs] --| File: /workspaces/fantastic-winner/servidor_minecraft/plugins/MythicMobs/mobs/empowered_end_mobs_mob.yml
[22:09:32] [Server thread/WARN]: [MythicMobs] --| Error Message: Drop type not found.
[22:09:32] [Server thread/WARN]: [MythicMobs] ✗ Configuration Error in Drop oraxen phantasmal_eye_of_ender 1-2 0.8
[22:09:32] [Server thread/WARN]: [MythicMobs] --| File: /workspaces/fantastic-winner/servidor_minecraft/plugins/MythicMobs/mobs/empowered_end_mobs_mob.yml
[22:09:32] [Server thread/WARN]: [MythicMobs] --| Error Message: Drop type not found.
[22:09:32] [Server thread/WARN]: [MythicMobs] ✗ Configuration Error in Drop oraxen empowered_heart_of_ender 1 0.6
[22:09:32] [Server thread/WARN]: [MythicMobs] --| File: /workspaces/fantastic-winner/servidor_minecraft/plugins/MythicMobs/mobs/empowered_end_mobs_mob.yml
[22:09:32] [Server thread/WARN]: [MythicMobs] --| Error Message: Drop type not found.
[22:09:32] [Server thread/WARN]: [MythicMobs] ✗ Configuration Error in Drop oraxen void_claw 1 0.6
[22:09:32] [Server thread/WARN]: [MythicMobs] --| File: /workspaces/fantastic-winner/servidor_minecraft/plugins/MythicMobs/mobs/empowered_end_mobs_mob.yml
[22:09:32] [Server thread/WARN]: [MythicMobs] --| Error Message: Drop type not found.
[22:09:32] [Server thread/WARN]: [MythicMobs] ✗ Configuration Error in Drop oraxen empowered_void_crystal 1 0.6
[22:09:32] [Server thread/WARN]: [MythicMobs] --| File: /workspaces/fantastic-winner/servidor_minecraft/plugins/MythicMobs/mobs/empowered_end_mobs_mob.yml
[22:09:32] [Server thread/WARN]: [MythicMobs] --| Error Message: Drop type not found.
[22:09:32] [Server thread/WARN]: [MythicMobs] ✗ Configuration Error in Drop oraxen third_eye_of_ender 1 0.6
[22:09:32] [Server thread/WARN]: [MythicMobs] --| File: /workspaces/fantastic-winner/servidor_minecraft/plugins/MythicMobs/mobs/empowered_end_mobs_mob.yml
[22:09:32] [Server thread/WARN]: [MythicMobs] --| Error Message: Drop type not found.
[22:09:32] [Server thread/WARN]: [MythicMobs] ✗ Configuration Error in Drop oraxen void_fabric 1 0.4
[22:09:32] [Server thread/WARN]: [MythicMobs] --| File: /workspaces/fantastic-winner/servidor_minecraft/plugins/MythicMobs/mobs/end_mobs_mob.yml
[22:09:32] [Server thread/WARN]: [MythicMobs] --| Error Message: Drop type not found.
[22:09:32] [Server thread/WARN]: [MythicMobs] ✗ Configuration Error in Drop oraxen ender_carapace 1 0.15
[22:09:32] [Server thread/WARN]: [MythicMobs] --| File: /workspaces/fantastic-winner/servidor_minecraft/plugins/MythicMobs/mobs/end_mobs_mob.yml
[22:09:32] [Server thread/WARN]: [MythicMobs] --| Error Message: Drop type not found.
[22:09:32] [Server thread/WARN]: [MythicMobs] ✗ Configuration Error in Drop oraxen heart_of_ender 1 0.05
[22:09:32] [Server thread/WARN]: [MythicMobs] --| File: /workspaces/fantastic-winner/servidor_minecraft/plugins/MythicMobs/mobs/end_mobs_mob.yml
[22:09:32] [Server thread/WARN]: [MythicMobs] --| Error Message: Drop type not found.
[22:09:32] [Server thread/WARN]: [MythicMobs] ✗ Configuration Error in Drop oraxen void_fabric 1 0.6
[22:09:32] [Server thread/WARN]: [MythicMobs] --| File: /workspaces/fantastic-winner/servidor_minecraft/plugins/MythicMobs/mobs/end_mobs_mob.yml
[22:09:32] [Server thread/WARN]: [MythicMobs] --| Error Message: Drop type not found.
[22:09:32] [Server thread/WARN]: [MythicMobs] ✗ Configuration Error in Drop oraxen heart_of_ender 1 0.6
[22:09:32] [Server thread/WARN]: [MythicMobs] --| File: /workspaces/fantastic-winner/servidor_minecraft/plugins/MythicMobs/mobs/end_mobs_mob.yml
[22:09:32] [Server thread/WARN]: [MythicMobs] --| Error Message: Drop type not found.
[22:09:32] [Server thread/WARN]: [MythicMobs] ✗ Configuration Error in Drop oraxen ender_carapace 1 0.4
[22:09:32] [Server thread/WARN]: [MythicMobs] --| File: /workspaces/fantastic-winner/servidor_minecraft/plugins/MythicMobs/mobs/end_mobs_mob.yml
[22:09:32] [Server thread/WARN]: [MythicMobs] --| Error Message: Drop type not found.
[22:09:32] [Server thread/WARN]: [MythicMobs] ✗ Configuration Error in Drop oraxen ender_carapace 1 0.8
[22:09:32] [Server thread/WARN]: [MythicMobs] --| File: /workspaces/fantastic-winner/servidor_minecraft/plugins/MythicMobs/mobs/end_mobs_mob.yml
[22:09:32] [Server thread/WARN]: [MythicMobs] --| Error Message: Drop type not found.
[22:09:32] [Server thread/WARN]: [MythicMobs] ✗ Configuration Error in Drop oraxen void_fabric 1 0.6
[22:09:32] [Server thread/WARN]: [MythicMobs] --| File: /workspaces/fantastic-winner/servidor_minecraft/plugins/MythicMobs/mobs/end_mobs_mob.yml
[22:09:32] [Server thread/WARN]: [MythicMobs] --| Error Message: Drop type not found.
[22:09:32] [Server thread/WARN]: [MythicMobs] ✗ Configuration Error in Drop oraxen void_claw 1 0.4
[22:09:32] [Server thread/WARN]: [MythicMobs] --| File: /workspaces/fantastic-winner/servidor_minecraft/plugins/MythicMobs/mobs/end_mobs_mob.yml
[22:09:32] [Server thread/WARN]: [MythicMobs] --| Error Message: Drop type not found.
[22:09:32] [Server thread/WARN]: [MythicMobs] ✗ Configuration Error in Drop oraxen heart_of_ender 1 0.4
[22:09:32] [Server thread/WARN]: [MythicMobs] --| File: /workspaces/fantastic-winner/servidor_minecraft/plugins/MythicMobs/mobs/end_mobs_mob.yml
[22:09:32] [Server thread/WARN]: [MythicMobs] --| Error Message: Drop type not found.
[22:09:32] [Server thread/WARN]: [MythicMobs] ✗ Configuration Error in Drop oraxen void_growth 1 0.15
[22:09:32] [Server thread/WARN]: [MythicMobs] --| File: /workspaces/fantastic-winner/servidor_minecraft/plugins/MythicMobs/mobs/end_mobs_mob.yml
[22:09:32] [Server thread/WARN]: [MythicMobs] --| Error Message: Drop type not found.
[22:09:32] [Server thread/WARN]: [MythicMobs] ✗ Configuration Error in Drop oraxen void_fabric 1 0.8
[22:09:32] [Server thread/WARN]: [MythicMobs] --| File: /workspaces/fantastic-winner/servidor_minecraft/plugins/MythicMobs/mobs/end_mobs_mob.yml
[22:09:32] [Server thread/WARN]: [MythicMobs] --| Error Message: Drop type not found.
[22:09:32] [Server thread/WARN]: [MythicMobs] ✗ Configuration Error in Drop oraxen void_growth 1 0.6
[22:09:32] [Server thread/WARN]: [MythicMobs] --| File: /workspaces/fantastic-winner/servidor_minecraft/plugins/MythicMobs/mobs/end_mobs_mob.yml
[22:09:32] [Server thread/WARN]: [MythicMobs] --| Error Message: Drop type not found.
[22:09:32] [Server thread/WARN]: [MythicMobs] ✗ Configuration Error in Drop oraxen phantasmal_eye_of_ender 1 0.15
[22:09:32] [Server thread/WARN]: [MythicMobs] --| File: /workspaces/fantastic-winner/servidor_minecraft/plugins/MythicMobs/mobs/end_mobs_mob.yml
[22:09:32] [Server thread/WARN]: [MythicMobs] --| Error Message: Drop type not found.
[22:09:32] [Server thread/WARN]: [MythicMobs] ✗ Configuration Error in Drop oraxen heart_of_ender 1 0.15
[22:09:32] [Server thread/WARN]: [MythicMobs] --| File: /workspaces/fantastic-winner/servidor_minecraft/plugins/MythicMobs/mobs/end_mobs_mob.yml
[22:09:32] [Server thread/WARN]: [MythicMobs] --| Error Message: Drop type not found.
[22:09:32] [Server thread/WARN]: [MythicMobs] ✗ Configuration Error in Drop oraxen end_soul 1 0.05
[22:09:32] [Server thread/WARN]: [MythicMobs] --| File: /workspaces/fantastic-winner/servidor_minecraft/plugins/MythicMobs/mobs/end_mobs_mob.yml
[22:09:32] [Server thread/WARN]: [MythicMobs] --| Error Message: Drop type not found.
[22:09:32] [Server thread/WARN]: [MythicMobs] ✗ Configuration Error in Drop oraxen void_fabric 1 0.6
[22:09:32] [Server thread/WARN]: [MythicMobs] --| File: /workspaces/fantastic-winner/servidor_minecraft/plugins/MythicMobs/mobs/end_mobs_mob.yml
[22:09:32] [Server thread/WARN]: [MythicMobs] --| Error Message: Drop type not found.
[22:09:32] [Server thread/WARN]: [MythicMobs] ✗ Configuration Error in Drop oraxen ender_carapace 1 0.6
[22:09:32] [Server thread/WARN]: [MythicMobs] --| File: /workspaces/fantastic-winner/servidor_minecraft/plugins/MythicMobs/mobs/end_mobs_mob.yml
[22:09:32] [Server thread/WARN]: [MythicMobs] --| Error Message: Drop type not found.
[22:09:32] [Server thread/WARN]: [MythicMobs] ✗ Configuration Error in Drop oraxen heart_of_ender 1 0.6
[22:09:32] [Server thread/WARN]: [MythicMobs] --| File: /workspaces/fantastic-winner/servidor_minecraft/plugins/MythicMobs/mobs/end_mobs_mob.yml
[22:09:32] [Server thread/WARN]: [MythicMobs] --| Error Message: Drop type not found.
[22:09:32] [Server thread/WARN]: [MythicMobs] ✗ Configuration Error in Drop oraxen phantasmal_eye_of_ender 1 0.6
[22:09:32] [Server thread/WARN]: [MythicMobs] --| File: /workspaces/fantastic-winner/servidor_minecraft/plugins/MythicMobs/mobs/end_mobs_mob.yml
[22:09:32] [Server thread/WARN]: [MythicMobs] --| Error Message: Drop type not found.
[22:09:32] [Server thread/WARN]: [MythicMobs] ✗ Configuration Error in Drop oraxen void_claw 1 0.6
[22:09:32] [Server thread/WARN]: [MythicMobs] --| File: /workspaces/fantastic-winner/servidor_minecraft/plugins/MythicMobs/mobs/end_mobs_mob.yml
[22:09:32] [Server thread/WARN]: [MythicMobs] --| Error Message: Drop type not found.
[22:09:32] [Server thread/WARN]: [MythicMobs] ✗ Configuration Error in Drop oraxen void_growth 1 0.6
[22:09:32] [Server thread/WARN]: [MythicMobs] --| File: /workspaces/fantastic-winner/servidor_minecraft/plugins/MythicMobs/mobs/end_mobs_mob.yml
[22:09:32] [Server thread/WARN]: [MythicMobs] --| Error Message: Drop type not found.
[22:09:32] [Server thread/WARN]: [MythicMobs] ✗ Configuration Error in Drop oraxen third_eye_of_ender 1-2 0.4
[22:09:32] [Server thread/WARN]: [MythicMobs] --| File: /workspaces/fantastic-winner/servidor_minecraft/plugins/MythicMobs/mobs/end_mobs_mob.yml
[22:09:32] [Server thread/WARN]: [MythicMobs] --| Error Message: Drop type not found.
[22:09:32] [Server thread/WARN]: [MythicMobs] ✗ Configuration Error in Drop oraxen void_fabric 16-24 1
[22:09:32] [Server thread/WARN]: [MythicMobs] --| File: /workspaces/fantastic-winner/servidor_minecraft/plugins/MythicMobs/mobs/end_mobs_mob.yml
[22:09:32] [Server thread/WARN]: [MythicMobs] --| Error Message: Drop type not found.
[22:09:32] [Server thread/WARN]: [MythicMobs] ✗ Configuration Error in Drop oraxen ender_carapace 8-12 1
[22:09:32] [Server thread/WARN]: [MythicMobs] --| File: /workspaces/fantastic-winner/servidor_minecraft/plugins/MythicMobs/mobs/end_mobs_mob.yml
[22:09:32] [Server thread/WARN]: [MythicMobs] --| Error Message: Drop type not found.
[22:09:32] [Server thread/WARN]: [MythicMobs] ✗ Configuration Error in Drop oraxen void_growth 8-12 1
[22:09:32] [Server thread/WARN]: [MythicMobs] --| File: /workspaces/fantastic-winner/servidor_minecraft/plugins/MythicMobs/mobs/end_mobs_mob.yml
[22:09:32] [ForkJoinPool.commonPool-worker-2/INFO]: Nexo | Importing external-pack plny...
[22:09:32] [Server thread/WARN]: [MythicMobs] --| Error Message: Drop type not found.
[22:09:32] [Server thread/WARN]: [MythicMobs] ✗ Configuration Error in Drop oraxen heart_of_ender 1 0.6
[22:09:32] [Server thread/WARN]: [MythicMobs] --| File: /workspaces/fantastic-winner/servidor_minecraft/plugins/MythicMobs/mobs/end_mobs_mob.yml
[22:09:32] [Server thread/WARN]: [MythicMobs] --| Error Message: Drop type not found.
[22:09:32] [Server thread/WARN]: [MythicMobs] ✗ Configuration Error in Drop oraxen phantasmal_eye_of_ender 1 0.4
[22:09:32] [Server thread/WARN]: [MythicMobs] --| File: /workspaces/fantastic-winner/servidor_minecraft/plugins/MythicMobs/mobs/end_mobs_mob.yml
[22:09:32] [Server thread/WARN]: [MythicMobs] --| Error Message: Drop type not found.
[22:09:32] [Server thread/WARN]: [MythicMobs] ✗ Configuration Error in Drop oraxen void_claw 1 0.4
[22:09:32] [Server thread/WARN]: [MythicMobs] --| File: /workspaces/fantastic-winner/servidor_minecraft/plugins/MythicMobs/mobs/end_mobs_mob.yml
[22:09:32] [Server thread/WARN]: [MythicMobs] --| Error Message: Drop type not found.
[22:09:32] [Server thread/WARN]: [MythicMobs] ✗ Configuration Error in Drop oraxen third_eye_of_ender 1 0.05
[22:09:32] [Server thread/WARN]: [MythicMobs] --| File: /workspaces/fantastic-winner/servidor_minecraft/plugins/MythicMobs/mobs/end_mobs_mob.yml
[22:09:32] [Server thread/WARN]: [MythicMobs] --| Error Message: Drop type not found.
[22:09:32] [Server thread/WARN]: [MythicMobs] ✗ Configuration Error in Drop queenbeeitems:stingspear_part 1-3 1
[22:09:32] [Server thread/WARN]: [MythicMobs] --| File: /workspaces/fantastic-winner/servidor_minecraft/plugins/MythicMobs/mobs/QueenBee.yml
[22:09:32] [Server thread/WARN]: [MythicMobs] --| Error Message: Drop type not found.
[22:09:32] [Server thread/WARN]: [MythicMobs] ✗ Configuration Error in Drop queenbeeitems:stingblade_part 1-2 1
[22:09:32] [Server thread/WARN]: [MythicMobs] --| File: /workspaces/fantastic-winner/servidor_minecraft/plugins/MythicMobs/mobs/QueenBee.yml
[22:09:32] [Server thread/WARN]: [MythicMobs] --| Error Message: Drop type not found.
[22:09:32] [Server thread/WARN]: [MythicMobs] ✗ Configuration Error in Drop queenbeeitems:stingspear_part 1-2 0.3
[22:09:32] [Server thread/WARN]: [MythicMobs] --| File: /workspaces/fantastic-winner/servidor_minecraft/plugins/MythicMobs/mobs/QueenBee.yml
[22:09:32] [Server thread/WARN]: [MythicMobs] --| Error Message: Drop type not found.
[22:09:32] [Server thread/WARN]: [MythicMobs] ✗ Configuration Error in Drop queenbeeitems:stingspear 1 0.05
[22:09:32] [Server thread/WARN]: [MythicMobs] --| File: /workspaces/fantastic-winner/servidor_minecraft/plugins/MythicMobs/mobs/QueenBee.yml
[22:09:32] [Server thread/WARN]: [MythicMobs] --| Error Message: Drop type not found.
[22:09:32] [Server thread/WARN]: [MythicMobs] ✗ Configuration Error in Drop queenbeeitems:stingspear_part 1-2 0.3
[22:09:32] [Server thread/WARN]: [MythicMobs] --| File: /workspaces/fantastic-winner/servidor_minecraft/plugins/MythicMobs/mobs/QueenBee.yml
[22:09:32] [Server thread/WARN]: [MythicMobs] --| Error Message: Drop type not found.
[22:09:32] [Server thread/WARN]: [MythicMobs] ✗ Configuration Error in Drop queenbeeitems:stingspear 1 0.05
[22:09:32] [Server thread/WARN]: [MythicMobs] --| File: /workspaces/fantastic-winner/servidor_minecraft/plugins/MythicMobs/mobs/QueenBee.yml
[22:09:32] [Server thread/WARN]: [MythicMobs] --| Error Message: Drop type not found.
[22:09:32] [Server thread/WARN]: [MythicMobs] ✗ Configuration Error in Drop qitem_endjelly 1to2 0.33
[22:09:32] [Server thread/WARN]: [MythicMobs] --| File: /workspaces/fantastic-winner/servidor_minecraft/plugins/MythicMobs/packs/qpack_endVol1/Mobs/qmob_endpack.yml
[22:09:32] [Server thread/WARN]: [MythicMobs] --| Error Message: Drop type not found.
[22:09:32] [Server thread/INFO]: [ShopGUIPlus] Registered item provider 'CustomFishing'.
[22:09:32] [Server thread/INFO]: [ShopGUIPlus] ================================[ ShopGUI+ 1.112.0 ]================================
[22:09:32] [Server thread/INFO]: [ShopGUIPlus]  
[22:09:32] [Server thread/INFO]: [ShopGUIPlus] Need help using ShopGUI+? Check out our Wiki or Join our Discord Support server!
[22:09:32] [Server thread/INFO]: [ShopGUIPlus] https://docs.brcdev.net/ & https://discord.brcdev.net/
[22:09:32] [Server thread/INFO]: [ShopGUIPlus]  
[22:09:33] [Server thread/INFO]: [ShopGUIPlus] Vault economy registered.
[22:09:33] [Server thread/INFO]: [ShopGUIPlus] Vault economy enabled.
[22:09:33] [Server thread/INFO]: [ShopGUIPlus] Using Vault as default economy provider.
[22:09:33] [Server thread/INFO]: [ShopGUIPlus] Permissions support enabled.
[22:09:33] [Server thread/INFO]: [ShopGUIPlus] Enabled item provider for MMOItems.
[22:09:33] [Server thread/INFO]: [ShopGUIPlus] Enabled item provider for Nexo.
[22:09:33] [Server thread/INFO]: [ShopGUIPlus] Enabled item provider for MythicMobs.
[22:09:33] [Server thread/INFO]: [ShopGUIPlus] Enabled item provider for CustomFishing.
[22:09:33] [Server thread/INFO]: [ShopGUIPlus] No external spawner plugins registered, using built-in spawners support.
[22:09:33] [Server thread/INFO]: [ShopGUIPlus] Loaded 10 main menu items.
[22:09:33] [ForkJoinPool.commonPool-worker-2/INFO]: Nexo | Importing external-pack rogue...
[22:09:33] [ForkJoinPool.commonPool-worker-2/INFO]: Nexo | Importing external-pack spectra_trade_ui...
[22:09:33] [ForkJoinPool.commonPool-worker-2/INFO]: Nexo | Importing external-pack valentine...
[22:09:33] [Server thread/INFO]: [ShopGUIPlus] Loaded shop 'miscellaneous' with 9 items.
[22:09:33] [Server thread/INFO]: [ShopGUIPlus] Loaded shop 'farming' with 18 items.
[22:09:33] [ForkJoinPool.commonPool-worker-2/INFO]: Nexo | Importing external-pack warrior...
[22:09:33] [Server thread/INFO]: [ShopGUIPlus] Loaded shop 'armor' with 24 items.
[22:09:33] [ForkJoinPool.commonPool-worker-2/INFO]: Nexo | Importing external-pack water...
[22:09:33] [Server thread/INFO]: [ShopGUIPlus] Loaded shop 'ores' with 8 items.
[22:09:33] [Server thread/INFO]: [ShopGUIPlus] Loaded shop 'drops' with 18 items.
[22:09:33] [Server thread/INFO]: [ShopGUIPlus] Loaded shop 'blocks' with 37 items.
[22:09:33] [Server thread/INFO]: [ShopGUIPlus] Loaded shop 'tools' with 15 items.
[22:09:33] [Server thread/INFO]: [ShopGUIPlus] Loaded shop 'dyes' with 16 items.
[22:09:33] [Server thread/INFO]: [ShopGUIPlus] Loaded shop 'food' with 19 items.
[22:09:33] [Server thread/INFO]: [ShopGUIPlus] Loaded 9 shops with total of 164 items.
[22:09:33] [Server thread/INFO]: [ShopGUIPlus] Loaded 0 permission-based price modifiers.
[22:09:33] [Server thread/INFO]: [ShopGUIPlus] Loaded 7 sounds.
[22:09:33] [Server thread/INFO]: [ShopGUIPlus]  
[22:09:33] [Server thread/INFO]: [ShopGUIPlus] ====================================================================================
[22:09:33] [Server thread/WARN]: java.lang.reflect.InvocationTargetException
[22:09:33] [Server thread/WARN]: 	at java.base/jdk.internal.reflect.DirectMethodHandleAccessor.invoke(DirectMethodHandleAccessor.java:118)
[22:09:33] [Server thread/WARN]: 	at java.base/java.lang.reflect.Method.invoke(Method.java:580)
[22:09:33] [Server thread/WARN]: 	at eco-6.76.2-all.jar//com.willfp.eco.internal.config.handler.ReflectiveConfigHandler.callUpdate(ReflectiveConfigHandler.kt:21)
[22:09:33] [Server thread/WARN]: 	at eco-6.76.2-all.jar//com.willfp.eco.core.EcoPlugin.reload(EcoPlugin.java:650)
[22:09:33] [Server thread/WARN]: 	at eco-6.76.2-all.jar//com.willfp.eco.core.EcoPlugin.lambda$onEnable$6(EcoPlugin.java:448)
[22:09:33] [Server thread/WARN]: 	at org.bukkit.craftbukkit.scheduler.CraftTask.run(CraftTask.java:78)
[22:09:33] [Server thread/WARN]: 	at org.bukkit.craftbukkit.scheduler.CraftScheduler.mainThreadHeartbeat(CraftScheduler.java:474)
[22:09:33] [Server thread/WARN]: 	at net.minecraft.server.MinecraftServer.runServer(MinecraftServer.java:1176)
[22:09:33] [Server thread/WARN]: 	at net.minecraft.server.MinecraftServer.lambda$spin$2(MinecraftServer.java:311)
[22:09:33] [Server thread/WARN]: 	at java.base/java.lang.Thread.run(Thread.java:1583)
[22:09:33] [Server thread/WARN]: Caused by: java.lang.LinkageError: loader constraint violation: when resolving method 'com.willfp.eco.core.gui.menu.Menu com.willfp.eco.core.gui.GUIHelperExtensions.menu(int, kotlin.jvm.functions.Function1)' the class loader 'EcoJobs v3.74.1.jar' @13d4da4b of the current class, com/willfp/ecojobs/jobs/JobsGUI, and the class loader 'eco-6.76.2-all.jar' @3330208f for the method's defining class, com/willfp/eco/core/gui/GUIHelperExtensions, have different Class objects for the type kotlin/jvm/functions/Function1 used in the signature (com.willfp.ecojobs.jobs.JobsGUI is in unnamed module of loader 'EcoJobs v3.74.1.jar' @13d4da4b, parent loader java.net.URLClassLoader @7591083d; com.willfp.eco.core.gui.GUIHelperExtensions is in unnamed module of loader 'eco-6.76.2-all.jar' @3330208f, parent loader java.net.URLClassLoader @7591083d)
[22:09:33] [Server thread/WARN]: 	at EcoJobs v3.74.1.jar//com.willfp.ecojobs.jobs.JobsGUI.buildMenu(JobsGUI.kt:67)
[22:09:33] [Server thread/WARN]: 	at EcoJobs v3.74.1.jar//com.willfp.ecojobs.jobs.JobsGUI.update(JobsGUI.kt:52)
[22:09:33] [Server thread/WARN]: 	at java.base/jdk.internal.reflect.DirectMethodHandleAccessor.invoke(DirectMethodHandleAccessor.java:103)
[22:09:33] [Server thread/WARN]: 	... 9 more
[22:09:33] [Server thread/WARN]: java.lang.reflect.InvocationTargetException
[22:09:33] [Server thread/WARN]: 	at java.base/jdk.internal.reflect.DirectMethodHandleAccessor.invoke(DirectMethodHandleAccessor.java:118)
[22:09:33] [Server thread/WARN]: 	at java.base/java.lang.reflect.Method.invoke(Method.java:580)
[22:09:33] [Server thread/WARN]: 	at eco-6.76.2-all.jar//com.willfp.eco.internal.config.handler.ReflectiveConfigHandler.callUpdate(ReflectiveConfigHandler.kt:21)
[22:09:33] [Server thread/WARN]: 	at eco-6.76.2-all.jar//com.willfp.eco.core.EcoPlugin.reload(EcoPlugin.java:651)
[22:09:33] [Server thread/WARN]: 	at eco-6.76.2-all.jar//com.willfp.eco.core.EcoPlugin.lambda$onEnable$6(EcoPlugin.java:448)
[22:09:33] [Server thread/WARN]: 	at org.bukkit.craftbukkit.scheduler.CraftTask.run(CraftTask.java:78)
[22:09:33] [Server thread/WARN]: 	at org.bukkit.craftbukkit.scheduler.CraftScheduler.mainThreadHeartbeat(CraftScheduler.java:474)
[22:09:33] [Server thread/WARN]: 	at net.minecraft.server.MinecraftServer.runServer(MinecraftServer.java:1176)
[22:09:33] [Server thread/WARN]: 	at net.minecraft.server.MinecraftServer.lambda$spin$2(MinecraftServer.java:311)
[22:09:33] [Server thread/WARN]: 	at java.base/java.lang.Thread.run(Thread.java:1583)
[22:09:33] [Server thread/WARN]: Caused by: java.lang.LinkageError: loader constraint violation: when resolving method 'com.willfp.eco.core.gui.menu.Menu com.willfp.eco.core.gui.GUIHelperExtensions.menu(int, kotlin.jvm.functions.Function1)' the class loader 'EcoJobs v3.74.1.jar' @13d4da4b of the current class, com/willfp/ecojobs/jobs/JobsGUI, and the class loader 'eco-6.76.2-all.jar' @3330208f for the method's defining class, com/willfp/eco/core/gui/GUIHelperExtensions, have different Class objects for the type kotlin/jvm/functions/Function1 used in the signature (com.willfp.ecojobs.jobs.JobsGUI is in unnamed module of loader 'EcoJobs v3.74.1.jar' @13d4da4b, parent loader java.net.URLClassLoader @7591083d; com.willfp.eco.core.gui.GUIHelperExtensions is in unnamed module of loader 'eco-6.76.2-all.jar' @3330208f, parent loader java.net.URLClassLoader @7591083d)
[22:09:33] [Server thread/WARN]: 	at EcoJobs v3.74.1.jar//com.willfp.ecojobs.jobs.JobsGUI.buildMenu(JobsGUI.kt:67)
[22:09:33] [Server thread/WARN]: 	at EcoJobs v3.74.1.jar//com.willfp.ecojobs.jobs.JobsGUI.update(JobsGUI.kt:52)
[22:09:33] [Server thread/WARN]: 	at java.base/jdk.internal.reflect.DirectMethodHandleAccessor.invoke(DirectMethodHandleAccessor.java:103)
[22:09:33] [Server thread/WARN]: 	... 9 more
[22:09:33] [Server thread/WARN]: java.lang.ClassCastException: class kotlin.io.FileTreeWalk cannot be cast to class kotlin.sequences.Sequence (kotlin.io.FileTreeWalk is in unnamed module of loader 'eco-6.76.2-all.jar' @3330208f; kotlin.sequences.Sequence is in unnamed module of loader io.papermc.paper.plugin.entrypoint.classloader.BytecodeModifyingURLClassLoader @49b8e4d1)
[22:09:33] [Server thread/WARN]: 	at EcoJobs v3.74.1.jar//com.willfp.ecojobs.libreforge.loader.LibreforgePlugin.doFetchConfigs(LibreforgePlugin.kt:194)
[22:09:33] [Server thread/WARN]: 	at EcoJobs v3.74.1.jar//com.willfp.ecojobs.libreforge.loader.LibreforgePlugin.fetchConfigs(LibreforgePlugin.kt:181)
[22:09:33] [Server thread/WARN]: 	at EcoJobs v3.74.1.jar//com.willfp.ecojobs.libreforge.loader.LibreforgePlugin.loadCategory(LibreforgePlugin.kt:94)
[22:09:33] [Server thread/WARN]: 	at EcoJobs v3.74.1.jar//com.willfp.ecojobs.libreforge.loader.LibreforgePlugin.loadCategory$default(LibreforgePlugin.kt:84)
[22:09:33] [Server thread/WARN]: 	at EcoJobs v3.74.1.jar//com.willfp.ecojobs.libreforge.loader.LibreforgePlugin._init_$lambda$6(LibreforgePlugin.kt:79)
[22:09:33] [Server thread/WARN]: 	at eco-6.76.2-all.jar//com.willfp.eco.core.EcoPlugin.handleLifecycle(EcoPlugin.java:727)
[22:09:33] [Server thread/WARN]: 	at eco-6.76.2-all.jar//com.willfp.eco.core.EcoPlugin.reload(EcoPlugin.java:653)
[22:09:33] [Server thread/WARN]: 	at eco-6.76.2-all.jar//com.willfp.eco.core.EcoPlugin.lambda$onEnable$6(EcoPlugin.java:448)
[22:09:33] [Server thread/WARN]: 	at org.bukkit.craftbukkit.scheduler.CraftTask.run(CraftTask.java:78)
[22:09:33] [Server thread/WARN]: 	at org.bukkit.craftbukkit.scheduler.CraftScheduler.mainThreadHeartbeat(CraftScheduler.java:474)
[22:09:33] [Server thread/WARN]: 	at net.minecraft.server.MinecraftServer.runServer(MinecraftServer.java:1176)
[22:09:33] [Server thread/WARN]: 	at net.minecraft.server.MinecraftServer.lambda$spin$2(MinecraftServer.java:311)
[22:09:33] [Server thread/WARN]: 	at java.base/java.lang.Thread.run(Thread.java:1583)
[22:09:33] [Server thread/INFO]: Done (98.761s)! For help, type "help"
[22:09:33] [Server thread/WARN]: Can't keep up! Is the server overloaded? Running 15205ms or 304 ticks behind
[22:09:33] [Server thread/INFO]: [ShopGUIPlus] Registered item provider 'eco'.
[22:09:33] [Server thread/INFO]: [eco] Loaded eco
[22:09:33] [Craft Scheduler Thread - 9 - Vault/INFO]: [Vault] Checking for Updates ... 
[22:09:33] [Server thread/WARN]: java.lang.ClassCastException: class kotlin.io.FileTreeWalk cannot be cast to class kotlin.sequences.Sequence (kotlin.io.FileTreeWalk is in unnamed module of loader 'eco-6.76.2-all.jar' @3330208f; kotlin.sequences.Sequence is in unnamed module of loader io.papermc.paper.plugin.entrypoint.classloader.BytecodeModifyingURLClassLoader @49b8e4d1)
[22:09:33] [Server thread/WARN]: 	at EcoEnchants v12.23.1-NzI4MQ==.jar//com.willfp.ecoenchants.libreforge.loader.LibreforgePlugin.doFetchConfigs(LibreforgePlugin.kt:194)
[22:09:33] [Server thread/WARN]: 	at EcoEnchants v12.23.1-NzI4MQ==.jar//com.willfp.ecoenchants.libreforge.loader.LibreforgePlugin.fetchConfigs(LibreforgePlugin.kt:181)
[22:09:33] [Server thread/WARN]: 	at EcoEnchants v12.23.1-NzI4MQ==.jar//com.willfp.ecoenchants.libreforge.loader.LibreforgePlugin.loadCategory(LibreforgePlugin.kt:94)
[22:09:33] [Server thread/WARN]: 	at EcoEnchants v12.23.1-NzI4MQ==.jar//com.willfp.ecoenchants.libreforge.loader.LibreforgePlugin.loadCategory$default(LibreforgePlugin.kt:84)
[22:09:33] [Server thread/WARN]: 	at EcoEnchants v12.23.1-NzI4MQ==.jar//com.willfp.ecoenchants.libreforge.loader.LibreforgePlugin._init_$lambda$6(LibreforgePlugin.kt:79)
[22:09:33] [Server thread/WARN]: 	at eco-6.76.2-all.jar//com.willfp.eco.core.EcoPlugin.handleLifecycle(EcoPlugin.java:727)
[22:09:33] [Server thread/WARN]: 	at eco-6.76.2-all.jar//com.willfp.eco.core.EcoPlugin.reload(EcoPlugin.java:653)
[22:09:33] [Server thread/WARN]: 	at eco-6.76.2-all.jar//com.willfp.eco.core.EcoPlugin.reload(EcoPlugin.java:635)
[22:09:33] [Server thread/WARN]: 	at eco-6.76.2-all.jar//com.willfp.eco.core.EcoPlugin.afterLoad(EcoPlugin.java:602)
[22:09:33] [Server thread/WARN]: 	at org.bukkit.craftbukkit.scheduler.CraftTask.run(CraftTask.java:78)
[22:09:33] [Server thread/WARN]: 	at org.bukkit.craftbukkit.scheduler.CraftScheduler.mainThreadHeartbeat(CraftScheduler.java:474)
[22:09:33] [Server thread/WARN]: 	at net.minecraft.server.MinecraftServer.tickChildren(MinecraftServer.java:1666)
[22:09:33] [Server thread/WARN]: 	at net.minecraft.server.MinecraftServer.tickServer(MinecraftServer.java:1536)
[22:09:33] [Server thread/WARN]: 	at net.minecraft.server.MinecraftServer.runServer(MinecraftServer.java:1252)
[22:09:33] [Server thread/WARN]: 	at net.minecraft.server.MinecraftServer.lambda$spin$2(MinecraftServer.java:311)
[22:09:33] [Server thread/WARN]: 	at java.base/java.lang.Thread.run(Thread.java:1583)
[22:09:33] [Server thread/WARN]: java.lang.reflect.InvocationTargetException
[22:09:33] [Server thread/WARN]: 	at java.base/jdk.internal.reflect.DirectMethodHandleAccessor.invoke(DirectMethodHandleAccessor.java:118)
[22:09:33] [Server thread/WARN]: 	at java.base/java.lang.reflect.Method.invoke(Method.java:580)
[22:09:33] [Server thread/WARN]: 	at eco-6.76.2-all.jar//com.willfp.eco.internal.config.handler.ReflectiveConfigHandler.callUpdate(ReflectiveConfigHandler.kt:21)
[22:09:33] [Server thread/WARN]: 	at eco-6.76.2-all.jar//com.willfp.eco.core.EcoPlugin.reload(EcoPlugin.java:650)
[22:09:33] [Server thread/WARN]: 	at eco-6.76.2-all.jar//com.willfp.eco.core.EcoPlugin.reload(EcoPlugin.java:635)
[22:09:33] [Server thread/WARN]: 	at eco-6.76.2-all.jar//com.willfp.eco.core.EcoPlugin.afterLoad(EcoPlugin.java:602)
[22:09:33] [Server thread/WARN]: 	at org.bukkit.craftbukkit.scheduler.CraftTask.run(CraftTask.java:78)
[22:09:33] [Server thread/WARN]: 	at org.bukkit.craftbukkit.scheduler.CraftScheduler.mainThreadHeartbeat(CraftScheduler.java:474)
[22:09:33] [Server thread/WARN]: 	at net.minecraft.server.MinecraftServer.tickChildren(MinecraftServer.java:1666)
[22:09:33] [Server thread/WARN]: 	at net.minecraft.server.MinecraftServer.tickServer(MinecraftServer.java:1536)
[22:09:33] [Server thread/WARN]: 	at net.minecraft.server.MinecraftServer.runServer(MinecraftServer.java:1252)
[22:09:33] [Server thread/WARN]: 	at net.minecraft.server.MinecraftServer.lambda$spin$2(MinecraftServer.java:311)
[22:09:33] [Server thread/WARN]: 	at java.base/java.lang.Thread.run(Thread.java:1583)
[22:09:33] [Server thread/WARN]: Caused by: java.lang.LinkageError: loader constraint violation: when resolving method 'com.willfp.eco.core.gui.menu.Menu com.willfp.eco.core.gui.GUIHelperExtensions.menu(int, kotlin.jvm.functions.Function1)' the class loader 'EcoJobs v3.74.1.jar' @13d4da4b of the current class, com/willfp/ecojobs/jobs/JobsGUI, and the class loader 'eco-6.76.2-all.jar' @3330208f for the method's defining class, com/willfp/eco/core/gui/GUIHelperExtensions, have different Class objects for the type kotlin/jvm/functions/Function1 used in the signature (com.willfp.ecojobs.jobs.JobsGUI is in unnamed module of loader 'EcoJobs v3.74.1.jar' @13d4da4b, parent loader java.net.URLClassLoader @7591083d; com.willfp.eco.core.gui.GUIHelperExtensions is in unnamed module of loader 'eco-6.76.2-all.jar' @3330208f, parent loader java.net.URLClassLoader @7591083d)
[22:09:33] [Server thread/WARN]: 	at EcoJobs v3.74.1.jar//com.willfp.ecojobs.jobs.JobsGUI.buildMenu(JobsGUI.kt:67)
[22:09:33] [Server thread/WARN]: 	at EcoJobs v3.74.1.jar//com.willfp.ecojobs.jobs.JobsGUI.update(JobsGUI.kt:52)
[22:09:33] [Server thread/WARN]: 	at java.base/jdk.internal.reflect.DirectMethodHandleAccessor.invoke(DirectMethodHandleAccessor.java:103)
[22:09:33] [Server thread/WARN]: 	... 12 more
[22:09:33] [Server thread/ERROR]: [EcoJobs] Update method public static final void com.willfp.ecojobs.jobs.JobsGUI.update(com.willfp.ecojobs.EcoJobsPlugin) generated an exception
[22:09:33] [Server thread/WARN]: java.lang.reflect.InvocationTargetException
[22:09:33] [Server thread/WARN]: 	at java.base/jdk.internal.reflect.DirectMethodHandleAccessor.invoke(DirectMethodHandleAccessor.java:118)
[22:09:33] [Server thread/WARN]: 	at java.base/java.lang.reflect.Method.invoke(Method.java:580)
[22:09:33] [Server thread/WARN]: 	at eco-6.76.2-all.jar//com.willfp.eco.internal.config.handler.ReflectiveConfigHandler.callUpdate(ReflectiveConfigHandler.kt:21)
[22:09:33] [Server thread/WARN]: 	at eco-6.76.2-all.jar//com.willfp.eco.core.EcoPlugin.reload(EcoPlugin.java:651)
[22:09:33] [Server thread/WARN]: 	at eco-6.76.2-all.jar//com.willfp.eco.core.EcoPlugin.reload(EcoPlugin.java:635)
[22:09:33] [Server thread/WARN]: 	at eco-6.76.2-all.jar//com.willfp.eco.core.EcoPlugin.afterLoad(EcoPlugin.java:602)
[22:09:33] [Server thread/WARN]: 	at org.bukkit.craftbukkit.scheduler.CraftTask.run(CraftTask.java:78)
[22:09:33] [Server thread/WARN]: 	at org.bukkit.craftbukkit.scheduler.CraftScheduler.mainThreadHeartbeat(CraftScheduler.java:474)
[22:09:33] [Server thread/WARN]: 	at net.minecraft.server.MinecraftServer.tickChildren(MinecraftServer.java:1666)
[22:09:33] [Server thread/WARN]: 	at net.minecraft.server.MinecraftServer.tickServer(MinecraftServer.java:1536)
[22:09:33] [Server thread/WARN]: 	at net.minecraft.server.MinecraftServer.runServer(MinecraftServer.java:1252)
[22:09:33] [Server thread/WARN]: 	at net.minecraft.server.MinecraftServer.lambda$spin$2(MinecraftServer.java:311)
[22:09:33] [Server thread/WARN]: 	at java.base/java.lang.Thread.run(Thread.java:1583)
[22:09:33] [Server thread/WARN]: Caused by: java.lang.LinkageError: loader constraint violation: when resolving method 'com.willfp.eco.core.gui.menu.Menu com.willfp.eco.core.gui.GUIHelperExtensions.menu(int, kotlin.jvm.functions.Function1)' the class loader 'EcoJobs v3.74.1.jar' @13d4da4b of the current class, com/willfp/ecojobs/jobs/JobsGUI, and the class loader 'eco-6.76.2-all.jar' @3330208f for the method's defining class, com/willfp/eco/core/gui/GUIHelperExtensions, have different Class objects for the type kotlin/jvm/functions/Function1 used in the signature (com.willfp.ecojobs.jobs.JobsGUI is in unnamed module of loader 'EcoJobs v3.74.1.jar' @13d4da4b, parent loader java.net.URLClassLoader @7591083d; com.willfp.eco.core.gui.GUIHelperExtensions is in unnamed module of loader 'eco-6.76.2-all.jar' @3330208f, parent loader java.net.URLClassLoader @7591083d)
[22:09:33] [Server thread/WARN]: 	at EcoJobs v3.74.1.jar//com.willfp.ecojobs.jobs.JobsGUI.buildMenu(JobsGUI.kt:67)
[22:09:33] [Server thread/WARN]: 	at EcoJobs v3.74.1.jar//com.willfp.ecojobs.jobs.JobsGUI.update(JobsGUI.kt:52)
[22:09:33] [Server thread/WARN]: 	at java.base/jdk.internal.reflect.DirectMethodHandleAccessor.invoke(DirectMethodHandleAccessor.java:103)
[22:09:33] [Server thread/WARN]: 	... 12 more
[22:09:33] [Server thread/ERROR]: [EcoJobs] Update method public static final void com.willfp.ecojobs.jobs.JobsGUI.update(com.willfp.ecojobs.EcoJobsPlugin) generated an exception
[22:09:33] [Server thread/ERROR]: [EcoJobs] Error while running lifecycle task!
[22:09:33] [Server thread/ERROR]: [EcoJobs] The plugin may not function properly
[22:09:33] [Server thread/WARN]: java.lang.ClassCastException: class kotlin.io.FileTreeWalk cannot be cast to class kotlin.sequences.Sequence (kotlin.io.FileTreeWalk is in unnamed module of loader 'eco-6.76.2-all.jar' @3330208f; kotlin.sequences.Sequence is in unnamed module of loader io.papermc.paper.plugin.entrypoint.classloader.BytecodeModifyingURLClassLoader @49b8e4d1)
[22:09:33] [Server thread/WARN]: 	at EcoJobs v3.74.1.jar//com.willfp.ecojobs.libreforge.loader.LibreforgePlugin.doFetchConfigs(LibreforgePlugin.kt:194)
[22:09:33] [Server thread/WARN]: 	at EcoJobs v3.74.1.jar//com.willfp.ecojobs.libreforge.loader.LibreforgePlugin.fetchConfigs(LibreforgePlugin.kt:181)
[22:09:33] [Server thread/WARN]: 	at EcoJobs v3.74.1.jar//com.willfp.ecojobs.libreforge.loader.LibreforgePlugin.loadCategory(LibreforgePlugin.kt:94)
[22:09:33] [Server thread/WARN]: 	at EcoJobs v3.74.1.jar//com.willfp.ecojobs.libreforge.loader.LibreforgePlugin.loadCategory$default(LibreforgePlugin.kt:84)
[22:09:33] [Server thread/WARN]: 	at EcoJobs v3.74.1.jar//com.willfp.ecojobs.libreforge.loader.LibreforgePlugin._init_$lambda$6(LibreforgePlugin.kt:79)
[22:09:33] [Server thread/WARN]: 	at eco-6.76.2-all.jar//com.willfp.eco.core.EcoPlugin.handleLifecycle(EcoPlugin.java:727)
[22:09:33] [Server thread/WARN]: 	at eco-6.76.2-all.jar//com.willfp.eco.core.EcoPlugin.reload(EcoPlugin.java:653)
[22:09:33] [Server thread/WARN]: 	at eco-6.76.2-all.jar//com.willfp.eco.core.EcoPlugin.reload(EcoPlugin.java:635)
[22:09:33] [Server thread/WARN]: 	at eco-6.76.2-all.jar//com.willfp.eco.core.EcoPlugin.afterLoad(EcoPlugin.java:602)
[22:09:33] [Server thread/WARN]: 	at org.bukkit.craftbukkit.scheduler.CraftTask.run(CraftTask.java:78)
[22:09:33] [Server thread/WARN]: 	at org.bukkit.craftbukkit.scheduler.CraftScheduler.mainThreadHeartbeat(CraftScheduler.java:474)
[22:09:33] [Server thread/WARN]: 	at net.minecraft.server.MinecraftServer.tickChildren(MinecraftServer.java:1666)
[22:09:33] [Server thread/WARN]: 	at net.minecraft.server.MinecraftServer.tickServer(MinecraftServer.java:1536)
[22:09:33] [Server thread/WARN]: 	at net.minecraft.server.MinecraftServer.runServer(MinecraftServer.java:1252)
[22:09:33] [Server thread/WARN]: 	at net.minecraft.server.MinecraftServer.lambda$spin$2(MinecraftServer.java:311)
[22:09:33] [Server thread/WARN]: 	at java.base/java.lang.Thread.run(Thread.java:1583)
[22:09:33] [Server thread/INFO]: [EcoJobs] Loaded EcoJobs
[22:09:33] [Craft Scheduler Thread - 9 - Vault/INFO]: [Vault] No new version available
[22:09:33] [ForkJoinPool.commonPool-worker-2/INFO]: Nexo | Imported ModelEngine pack successfully!
[22:09:33] [Server thread/INFO]: [libreforge] Loaded libreforge
[22:09:33] [Server thread/INFO]: [HMCCosmetics] You are running the latest version of HMCCosmetics!
[22:09:33] [Server thread/INFO]: [voicechat] Loading plugins
[22:09:33] [Server thread/INFO]: [voicechat] Loaded 0 plugin(s)
[22:09:33] [Server thread/INFO]: [voicechat] Initializing plugins
[22:09:33] [Server thread/INFO]: [voicechat] Initialized 0 plugin(s)
[22:09:33] [Server thread/WARN]: [voicechat] Running in offline mode - Voice chat encryption is not secure!
[22:09:33] [VoiceChatServerThread/INFO]: [voicechat] Voice host is 'evidence-inns.gl.at.ply.gg:40691'
[22:09:33] [Server thread/INFO]: [PlaceholderAPI] Successfully registered external expansion: vault [1.8.3]
[22:09:33] [Server thread/INFO]: [PlaceholderAPI] Successfully registered external expansion: player [2.0.9]
[22:09:33] [Server thread/INFO]: [PlaceholderAPI] Successfully registered external expansion: localtime [1.2]
[22:09:33] [Server thread/INFO]: [PlaceholderAPI] Successfully registered external expansion: tinify [2]
[22:09:33] [Server thread/INFO]: 4 placeholder hook(s) registered!
[22:09:33] [VoiceChatServerThread/INFO]: [voicechat] Voice chat server started at port 40691
[22:09:33] [Server thread/INFO]: [MythicMobs] Loaded 0 skill commands
[22:09:33] [ForkJoinPool.commonPool-worker-2/INFO]: Nexo | Validating ResourcePack files...
[22:09:33] [ForkJoinPool.commonPool-worker-2/INFO]: Nexo | Texture minecraft:warrior_texture/warrior_helmet.png has bad resolution-ratio 16x17
[22:09:33] [ForkJoinPool.commonPool-worker-2/INFO]: Nexo | Textures not using ^2 will lower mipmap-level, causing blurry visuals
[22:09:33] [ForkJoinPool.commonPool-worker-2/INFO]: Nexo | Recommend converting it to a resolution in ^2, 2x2, 4x4, 8x8, 16x16, 32x32...
[22:09:35] [Craft Scheduler Thread - 5 - AxKoth/INFO]: AxKoth » There is a new version of AxKoth available! (current: 2.13.3 | latest: 2.19.0)
[22:09:36] [ForkJoinPool.commonPool-worker-2/INFO]: Nexo | Obfuscating NexoPack...
[22:09:37] [User Authenticator #0/INFO]: UUID of player Fazzer is dae100c7-6450-39fa-b160-81c314f644db
[22:09:38] [Craft Scheduler Thread - 9 - HuskHomes/INFO]: [HuskHomes] Registered 'after_load' hooks
[22:09:41] [Server thread/INFO]: Fazzer joined the game
[22:09:41] [Server thread/INFO]: Fazzer[/127.161.233.239:49929] logged in with entity id 158 at ([spawn]-40.30303270345861, 3.0, -273.0732041708291)
[22:09:41] [Craft Scheduler Thread - 7 - BetterHud/WARN]: [BetterHud] Plugin BetterHud v1.14.2-SNAPSHOT-441 generated an exception while executing task 5616
java.lang.RuntimeException: Unsupported update found: PopupUpdateEvent
	at BetterHud-bukkit-1.14.2-SNAPSHOT-441.jar/kr.toxicity.hud.bootstrap.bukkit.module.bukkit.BukkitEntityModule._get_strings_$lambda$1(BukkitEntityModule.kt:262) ~[BetterHud-bukkit-1.14.2-SNAPSHOT-441.jar:?]
	at BetterHud-bukkit-1.14.2-SNAPSHOT-441.jar/kr.toxicity.hud.api.placeholder.HudPlaceholder$1.invoke(HudPlaceholder.java:44) ~[BetterHud-bukkit-1.14.2-SNAPSHOT-441.jar:?]
	at BetterHud-bukkit-1.14.2-SNAPSHOT-441.jar/kr.toxicity.hud.manager.PlaceholderManagerImpl.find$lambda$4(PlaceholderManagerImpl.kt:275) ~[BetterHud-bukkit-1.14.2-SNAPSHOT-441.jar:?]
	at BetterHud-bukkit-1.14.2-SNAPSHOT-441.jar/kr.toxicity.hud.placeholder.PlaceholderBuilder$Delegate.build(PlaceholderBuilder.kt:37) ~[BetterHud-bukkit-1.14.2-SNAPSHOT-441.jar:?]
	at BetterHud-bukkit-1.14.2-SNAPSHOT-441.jar/kr.toxicity.hud.image.ImageComponent.mapper(ImageComponent.kt:73) ~[BetterHud-bukkit-1.14.2-SNAPSHOT-441.jar:?]
	at BetterHud-bukkit-1.14.2-SNAPSHOT-441.jar/kr.toxicity.hud.renderer.ImageRenderer.render(ImageRenderer.kt:31) ~[BetterHud-bukkit-1.14.2-SNAPSHOT-441.jar:?]
	at BetterHud-bukkit-1.14.2-SNAPSHOT-441.jar/kr.toxicity.hud.popup.PopupLayout$PopupElement.getComponent(PopupLayout.kt:88) ~[BetterHud-bukkit-1.14.2-SNAPSHOT-441.jar:?]
	at BetterHud-bukkit-1.14.2-SNAPSHOT-441.jar/kr.toxicity.hud.popup.PopupLayout$PopupLayoutGroup.getComponent$lambda$0(PopupLayout.kt:74) ~[BetterHud-bukkit-1.14.2-SNAPSHOT-441.jar:?]
	at BetterHud-bukkit-1.14.2-SNAPSHOT-441.jar/kr.toxicity.hud.popup.PopupLayout.getComponent$lambda$1$0$0(PopupLayout.kt:53) ~[BetterHud-bukkit-1.14.2-SNAPSHOT-441.jar:?]
	at BetterHud-bukkit-1.14.2-SNAPSHOT-441.jar/kr.toxicity.hud.popup.PopupLayout.getComponent$lambda$2(PopupLayout.kt:60) ~[BetterHud-bukkit-1.14.2-SNAPSHOT-441.jar:?]
	at BetterHud-bukkit-1.14.2-SNAPSHOT-441.jar/kr.toxicity.hud.popup.PopupIteratorImpl.refreshMapper(PopupIteratorImpl.kt:116) ~[BetterHud-bukkit-1.14.2-SNAPSHOT-441.jar:?]
	at BetterHud-bukkit-1.14.2-SNAPSHOT-441.jar/kr.toxicity.hud.popup.PopupIteratorImpl.next(PopupIteratorImpl.kt:73) ~[BetterHud-bukkit-1.14.2-SNAPSHOT-441.jar:?]
	at BetterHud-bukkit-1.14.2-SNAPSHOT-441.jar/kr.toxicity.hud.popup.PopupIteratorGroupImpl.next$lambda$0$0(PopupIteratorGroupImpl.kt:88) ~[BetterHud-bukkit-1.14.2-SNAPSHOT-441.jar:?]
	at BetterHud-bukkit-1.14.2-SNAPSHOT-441.jar/kr.toxicity.hud.popup.PopupIteratorGroupImpl.next$lambda$0$1(PopupIteratorGroupImpl.kt:83) ~[BetterHud-bukkit-1.14.2-SNAPSHOT-441.jar:?]
	at java.base/java.util.Collection.removeIf(Collection.java:583) ~[?:?]
	at BetterHud-bukkit-1.14.2-SNAPSHOT-441.jar/kr.toxicity.hud.popup.PopupIteratorGroupImpl.next(PopupIteratorGroupImpl.kt:83) ~[BetterHud-bukkit-1.14.2-SNAPSHOT-441.jar:?]
	at BetterHud-bukkit-1.14.2-SNAPSHOT-441.jar/kr.toxicity.hud.player.HudPlayerImpl.update(HudPlayerImpl.kt:122) ~[BetterHud-bukkit-1.14.2-SNAPSHOT-441.jar:?]
	at BetterHud-bukkit-1.14.2-SNAPSHOT-441.jar/kr.toxicity.hud.player.HudPlayerImpl.task$lambda$0$0(HudPlayerImpl.kt:38) ~[BetterHud-bukkit-1.14.2-SNAPSHOT-441.jar:?]
	at BetterHud-bukkit-1.14.2-SNAPSHOT-441.jar/kr.toxicity.hud.util.PluginsKt.asyncTaskTimer$lambda$0(Plugins.kt:42) ~[BetterHud-bukkit-1.14.2-SNAPSHOT-441.jar:?]
	at org.bukkit.craftbukkit.scheduler.CraftTask.run(CraftTask.java:78) ~[pluto-1.21.4.jar:1.21.4-37-412ab86]
	at org.bukkit.craftbukkit.scheduler.CraftAsyncTask.run(CraftAsyncTask.java:57) ~[pluto-1.21.4.jar:1.21.4-37-412ab86]
	at com.destroystokyo.paper.ServerSchedulerReportingWrapper.run(ServerSchedulerReportingWrapper.java:22) ~[pluto-1.21.4.jar:?]
	at java.base/java.util.concurrent.ThreadPoolExecutor.runWorker(ThreadPoolExecutor.java:1144) ~[?:?]
	at java.base/java.util.concurrent.ThreadPoolExecutor$Worker.run(ThreadPoolExecutor.java:642) ~[?:?]
	at java.base/java.lang.Thread.run(Thread.java:1583) ~[?:?]
[22:09:42] [ForkJoinPool.commonPool-worker-2/INFO]: Nexo | Caching obfuscated ResourcePack...
[22:09:43] [Craft Scheduler Thread - 13 - PlaceholderAPI/INFO]: [LocalTime] Couldn't get Fazzer's timezone. Will use default timezone.
[22:09:45] [ForkJoinPool.commonPool-worker-2/INFO]: Nexo | Finished generating resourcepack!

[22:09:48] [Server thread/WARN]: Fazzer moved too quickly! 0.0,-29.0,0.0
[22:09:50] [Server thread/WARN]: [MythicMobs] WITCH found with mobtype 'witch' but does not match.
[22:09:50] [lumine-scheduler-0/WARN]: java.lang.NullPointerException: Cannot invoke "net.minecraft.world.entity.ai.goal.WrappedGoal.getGoal()" because "wrappedGoal" is null
[22:09:50] [lumine-scheduler-0/WARN]: 	at ModelEngine-R4.0.9-2210.jar//com.ticxo.modelengine.v1_21_R3.entity.EntityHandlerImpl.replaceNavigation(EntityHandlerImpl.java:277)
[22:09:50] [lumine-scheduler-0/WARN]: 	at ModelEngine-R4.0.9-2210.jar//com.ticxo.modelengine.v1_21_R3.entity.EntityHandlerImpl.lambda$wrapNavigation$0(EntityHandlerImpl.java:268)
[22:09:50] [lumine-scheduler-0/WARN]: 	at ModelEngine-R4.0.9-2210.jar//com.ticxo.modelengine.api.utils.RaceConditionUtil.wrapConmod(RaceConditionUtil.java:43)
[22:09:50] [lumine-scheduler-0/WARN]: 	at ModelEngine-R4.0.9-2210.jar//com.ticxo.modelengine.api.utils.RaceConditionUtil.wrapConmod(RaceConditionUtil.java:29)
[22:09:50] [lumine-scheduler-0/WARN]: 	at ModelEngine-R4.0.9-2210.jar//com.ticxo.modelengine.api.utils.RaceConditionUtil.wrapConmod(RaceConditionUtil.java:18)
[22:09:50] [lumine-scheduler-0/WARN]: 	at ModelEngine-R4.0.9-2210.jar//com.ticxo.modelengine.v1_21_R3.entity.EntityHandlerImpl.wrapNavigation(EntityHandlerImpl.java:268)
[22:09:50] [lumine-scheduler-0/WARN]: 	at ModelEngine-R4.0.9-2210.jar//com.ticxo.modelengine.api.entity.BukkitEntity.<init>(BukkitEntity.java:49)
[22:09:50] [lumine-scheduler-0/WARN]: 	at ModelEngine-R4.0.9-2210.jar//com.ticxo.modelengine.api.ModelEngineAPI.createModeledEntity(ModelEngineAPI.java:149)
[22:09:50] [lumine-scheduler-0/WARN]: 	at ModelEngine-R4.0.9-2210.jar//com.ticxo.modelengine.api.ModelEngineAPI.getOrCreateModeledEntity(ModelEngineAPI.java:174)
[22:09:50] [lumine-scheduler-0/WARN]: 	at ModelEngine-R4.0.9-2210.jar//com.ticxo.modelengine.api.model.operation.ModelOperation.getOrCreateModeledEntity(ModelOperation.java:67)
[22:09:50] [lumine-scheduler-0/WARN]: 	at ModelEngine-R4.0.9-2210.jar//com.ticxo.modelengine.api.model.operation.OperationType.lambda$static$6(OperationType.java:26)
[22:09:50] [lumine-scheduler-0/WARN]: 	at ModelEngine-R4.0.9-2210.jar//com.ticxo.modelengine.api.model.operation.OperationType.process(OperationType.java:106)
[22:09:50] [lumine-scheduler-0/WARN]: 	at ModelEngine-R4.0.9-2210.jar//com.ticxo.modelengine.api.model.operation.ModelOperation$Builder.operate(ModelOperation.java:74)
[22:09:50] [lumine-scheduler-0/WARN]: 	at ModelEngine-R4.0.9-2210.jar//com.ticxo.modelengine.core21.mythic.mechanics.entity.ModelMechanic.addModel(ModelMechanic.java:146)
[22:09:50] [lumine-scheduler-0/WARN]: 	at ModelEngine-R4.0.9-2210.jar//com.ticxo.modelengine.core21.mythic.mechanics.entity.ModelMechanic.castAtEntity(ModelMechanic.java:81)
[22:09:50] [lumine-scheduler-0/WARN]: 	at MythicMobs-5.11.1.jar//io.lumine.mythic.core.skills.SkillMechanic.lambda$executeTargetedEntitySkill$16(SkillMechanic.java:637)
[22:09:50] [lumine-scheduler-0/WARN]: 	at java.base/java.util.ArrayList.forEach(ArrayList.java:1596)
[22:09:50] [lumine-scheduler-0/WARN]: 	at MythicMobs-5.11.1.jar//io.lumine.mythic.core.skills.SkillMechanic.executeTargetedEntitySkill(SkillMechanic.java:633)
[22:09:50] [lumine-scheduler-0/WARN]: 	at MythicMobs-5.11.1.jar//io.lumine.mythic.core.skills.SkillMechanic.lambda$executeSkills$12(SkillMechanic.java:588)
[22:09:50] [lumine-scheduler-0/WARN]: 	at MythicMobs-5.11.1.jar//io.lumine.mythic.core.skills.SkillMechanic.runMechanic(SkillMechanic.java:627)
[22:09:50] [lumine-scheduler-0/WARN]: 	at MythicMobs-5.11.1.jar//io.lumine.mythic.core.skills.SkillMechanic.executeSkills(SkillMechanic.java:588)
[22:09:50] [lumine-scheduler-0/WARN]: 	at MythicMobs-5.11.1.jar//io.lumine.mythic.core.skills.SkillMechanic.execute(SkillMechanic.java:505)
[22:09:50] [lumine-scheduler-0/WARN]: 	at MythicMobs-5.11.1.jar//io.lumine.mythic.core.mobs.MobType.lambda$executeSkills$8(MobType.java:1358)
[22:09:50] [lumine-scheduler-0/WARN]: 	at MythicMobs-5.11.1.jar//io.lumine.mythic.bukkit.utils.Delegates$RunnableToSupplier.get(Delegates.java:121)
[22:09:50] [lumine-scheduler-0/WARN]: 	at MythicMobs-5.11.1.jar//io.lumine.mythic.bukkit.utils.promise.LuminePromise$SupplyRunnable.run(LuminePromise.java:721)
[22:09:50] [lumine-scheduler-0/WARN]: 	at MythicMobs-5.11.1.jar//io.lumine.mythic.bukkit.utils.tasks.LumineExecutors$SchedulerWrappedRunnable.run(LumineExecutors.java:70)
[22:09:50] [lumine-scheduler-0/WARN]: 	at java.base/java.util.concurrent.ThreadPoolExecutor.runWorker(ThreadPoolExecutor.java:1144)
[22:09:50] [lumine-scheduler-0/WARN]: 	at java.base/java.util.concurrent.ThreadPoolExecutor$Worker.run(ThreadPoolExecutor.java:642)
[22:09:50] [lumine-scheduler-0/WARN]: 	at java.base/java.lang.Thread.run(Thread.java:1583)
[22:09:50] [Server thread/WARN]: [MythicMobs] WITCH found with mobtype 'witch' but does not match.
[22:09:51] [Server thread/WARN]: Can't keep up! Is the server overloaded? Running 3121ms or 62 ticks behind
[22:10:01] [ForkJoinPool.commonPool-worker-1/INFO]: Nexo | ResourcePack uploaded: https://lobfile.com/file/huCgbPJE.zip
[22:10:30] [Server thread/WARN]: [MythicMobs] WITCH found with mobtype 'witch' but does not match.
[22:10:47] [Server thread/WARN]: [MythicMobs] WITCH found with mobtype 'witch' but does not match.
[22:11:04] [Server thread/WARN]: [MythicMobs] WITCH found with mobtype 'witch' but does not match.
[22:11:04] [lumine-scheduler-6/WARN]: java.lang.NullPointerException: Cannot invoke "net.minecraft.world.entity.ai.goal.WrappedGoal.getGoal()" because "wrappedGoal" is null
[22:11:04] [lumine-scheduler-6/WARN]: 	at ModelEngine-R4.0.9-2210.jar//com.ticxo.modelengine.v1_21_R3.entity.EntityHandlerImpl.replaceNavigation(EntityHandlerImpl.java:277)
[22:11:04] [lumine-scheduler-6/WARN]: 	at ModelEngine-R4.0.9-2210.jar//com.ticxo.modelengine.v1_21_R3.entity.EntityHandlerImpl.lambda$wrapNavigation$0(EntityHandlerImpl.java:268)
[22:11:04] [lumine-scheduler-6/WARN]: 	at ModelEngine-R4.0.9-2210.jar//com.ticxo.modelengine.api.utils.RaceConditionUtil.wrapConmod(RaceConditionUtil.java:43)
[22:11:04] [lumine-scheduler-6/WARN]: 	at ModelEngine-R4.0.9-2210.jar//com.ticxo.modelengine.api.utils.RaceConditionUtil.wrapConmod(RaceConditionUtil.java:29)
[22:11:04] [lumine-scheduler-6/WARN]: 	at ModelEngine-R4.0.9-2210.jar//com.ticxo.modelengine.api.utils.RaceConditionUtil.wrapConmod(RaceConditionUtil.java:18)
[22:11:04] [lumine-scheduler-6/WARN]: 	at ModelEngine-R4.0.9-2210.jar//com.ticxo.modelengine.v1_21_R3.entity.EntityHandlerImpl.wrapNavigation(EntityHandlerImpl.java:268)
[22:11:04] [lumine-scheduler-6/WARN]: 	at ModelEngine-R4.0.9-2210.jar//com.ticxo.modelengine.api.entity.BukkitEntity.<init>(BukkitEntity.java:49)
[22:11:04] [lumine-scheduler-6/WARN]: 	at ModelEngine-R4.0.9-2210.jar//com.ticxo.modelengine.api.ModelEngineAPI.createModeledEntity(ModelEngineAPI.java:149)
[22:11:04] [lumine-scheduler-6/WARN]: 	at ModelEngine-R4.0.9-2210.jar//com.ticxo.modelengine.api.ModelEngineAPI.getOrCreateModeledEntity(ModelEngineAPI.java:174)
[22:11:04] [lumine-scheduler-6/WARN]: 	at ModelEngine-R4.0.9-2210.jar//com.ticxo.modelengine.api.model.operation.ModelOperation.getOrCreateModeledEntity(ModelOperation.java:67)
[22:11:04] [lumine-scheduler-6/WARN]: 	at ModelEngine-R4.0.9-2210.jar//com.ticxo.modelengine.api.model.operation.OperationType.lambda$static$6(OperationType.java:26)
[22:11:04] [lumine-scheduler-6/WARN]: 	at ModelEngine-R4.0.9-2210.jar//com.ticxo.modelengine.api.model.operation.OperationType.process(OperationType.java:106)
[22:11:04] [lumine-scheduler-6/WARN]: 	at ModelEngine-R4.0.9-2210.jar//com.ticxo.modelengine.api.model.operation.ModelOperation$Builder.operate(ModelOperation.java:74)
[22:11:04] [lumine-scheduler-6/WARN]: 	at ModelEngine-R4.0.9-2210.jar//com.ticxo.modelengine.core21.mythic.mechanics.entity.ModelMechanic.addModel(ModelMechanic.java:146)
[22:11:04] [lumine-scheduler-6/WARN]: 	at ModelEngine-R4.0.9-2210.jar//com.ticxo.modelengine.core21.mythic.mechanics.entity.ModelMechanic.castAtEntity(ModelMechanic.java:81)
[22:11:04] [lumine-scheduler-6/WARN]: 	at MythicMobs-5.11.1.jar//io.lumine.mythic.core.skills.SkillMechanic.lambda$executeTargetedEntitySkill$16(SkillMechanic.java:637)
[22:11:04] [lumine-scheduler-6/WARN]: 	at java.base/java.util.ArrayList.forEach(ArrayList.java:1596)
[22:11:04] [lumine-scheduler-6/WARN]: 	at MythicMobs-5.11.1.jar//io.lumine.mythic.core.skills.SkillMechanic.executeTargetedEntitySkill(SkillMechanic.java:633)
[22:11:04] [lumine-scheduler-6/WARN]: 	at MythicMobs-5.11.1.jar//io.lumine.mythic.core.skills.SkillMechanic.lambda$executeSkills$12(SkillMechanic.java:588)
[22:11:04] [lumine-scheduler-6/WARN]: 	at MythicMobs-5.11.1.jar//io.lumine.mythic.core.skills.SkillMechanic.runMechanic(SkillMechanic.java:627)
[22:11:04] [lumine-scheduler-6/WARN]: 	at MythicMobs-5.11.1.jar//io.lumine.mythic.core.skills.SkillMechanic.executeSkills(SkillMechanic.java:588)
[22:11:04] [lumine-scheduler-6/WARN]: 	at MythicMobs-5.11.1.jar//io.lumine.mythic.core.skills.SkillMechanic.execute(SkillMechanic.java:505)
[22:11:04] [lumine-scheduler-6/WARN]: 	at MythicMobs-5.11.1.jar//io.lumine.mythic.core.mobs.MobType.lambda$executeSkills$8(MobType.java:1358)
[22:11:04] [lumine-scheduler-6/WARN]: 	at MythicMobs-5.11.1.jar//io.lumine.mythic.bukkit.utils.Delegates$RunnableToSupplier.get(Delegates.java:121)
[22:11:04] [lumine-scheduler-6/WARN]: 	at MythicMobs-5.11.1.jar//io.lumine.mythic.bukkit.utils.promise.LuminePromise$SupplyRunnable.run(LuminePromise.java:721)
[22:11:04] [lumine-scheduler-6/WARN]: 	at MythicMobs-5.11.1.jar//io.lumine.mythic.bukkit.utils.tasks.LumineExecutors$SchedulerWrappedRunnable.run(LumineExecutors.java:70)
[22:11:04] [lumine-scheduler-6/WARN]: 	at java.base/java.util.concurrent.ThreadPoolExecutor.runWorker(ThreadPoolExecutor.java:1144)
[22:11:04] [lumine-scheduler-6/WARN]: 	at java.base/java.util.concurrent.ThreadPoolExecutor$Worker.run(ThreadPoolExecutor.java:642)
[22:11:04] [lumine-scheduler-6/WARN]: 	at java.base/java.lang.Thread.run(Thread.java:1583)
[22:11:12] [Server thread/WARN]: [MythicMobs] WITCH found with mobtype 'witch' but does not match.
[22:11:32] [Server thread/WARN]: [MythicMobs] WITCH found with mobtype 'witch' but does not match.
[22:11:48] [Server thread/WARN]: [MythicMobs] WITCH found with mobtype 'witch' but does not match.
[22:11:49] [Server thread/INFO]: Stopping server
[22:11:49] [Server thread/INFO]: [libreforge] Disabling libreforge v4.76.1
[22:11:49] [Server thread/INFO]: [libreforge] Cleaning up...
[22:11:49] [Server thread/INFO]: [AxTrade] Disabling AxTrade v1.21.2
[22:11:49] [Server thread/INFO]: [BetterRTPAddons] Disabling BetterRTPAddons v1.8.10
[22:11:49] [Server thread/INFO]: [AxAFKZone] Disabling AxAFKZone v1.9.0
[22:11:49] [Server thread/INFO]: [InteractionVisualizer] Disabling InteractionVisualizer v1.18.19.0
[22:11:49] [Server thread/INFO]: [PlaceholderAPI] Unregistered placeholder expansion interactionvisualizer
[22:11:49] [Server thread/INFO]: [PlaceholderAPI] Reason: required plugin InteractionVisualizer was disabled.
[22:11:49] [Server thread/INFO]: [InteractionVisualizer] Saving player preferences bitmask index, do not halt the server.
[22:11:49] [Server thread/INFO]: [InteractionVisualizer] Plugin reload detected, attempting to despawn all visual entities. If anything went wrong, please restart! (Reloads are always not recommended)
[22:11:49] [Server thread/INFO]: [InteractionVisualizer] InteractionVisualizer has been disabled!
[22:11:49] [Server thread/INFO]: [ChatManager] Disabling ChatManager v4.0.3
[22:11:49] [Server thread/INFO]: [Worlds] Disabling Worlds v3.12.2-mc1.21.4
[22:11:49] [Server thread/INFO]: [PhoenixCrates] Disabling PhoenixCrates v4.2.3
[22:11:49] [Server thread/INFO]: Disabling extension Extension-cc40d2f8-96fb-4c9c-b772-302220934049
[22:11:49] [Server thread/INFO]: [HuskHomes] Disabling HuskHomes v4.9.10
[22:11:49] [Server thread/INFO]: [HuskHomes] Disabling HuskHomes v4.9.10...
[22:11:49] [Server thread/INFO]: [HuskHomes] Successfully disabled HuskHomes v4.9.10
[22:11:49] [Server thread/INFO]: [BetterView] Disabling BetterView v2.1.2
[22:11:49] [Server thread/INFO]: [[38;5;11m⚡[0m] Disabling LagFixer v1.5.1.9 [build 140]
[22:11:49] [Server thread/INFO]: [[38;5;11m⚡[0m] (ErrorsManager) -> Disabling manager...
[22:11:49] [Server thread/INFO]: [[38;5;11m⚡[0m] (ErrorsManager) -> Disabled manager in 1ms!
[22:11:49] [Server thread/INFO]: [[38;5;11m⚡[0m] (ConfigManager) -> Disabling manager...
[22:11:49] [Server thread/INFO]: [[38;5;11m⚡[0m] (ConfigManager) -> Disabled manager in 0ms!
[22:11:49] [Server thread/INFO]: [[38;5;11m⚡[0m] (SupportManager) -> Disabling manager...
[22:11:49] [Server thread/INFO]: [[38;5;11m⚡[0m] (SupportManager) -> Disabled manager in 1ms!
[22:11:49] [Server thread/INFO]: [[38;5;11m⚡[0m] (HookManager) -> Disabling manager...
[22:11:49] [Server thread/INFO]: [[38;5;11m⚡[0m]  • Successfully disabled hook MythicMobs in 0ms!
[22:11:49] [Server thread/INFO]: [[38;5;11m⚡[0m]  • Successfully disabled hook ModelEngine in 0ms!
[22:11:49] [Server thread/INFO]: [[38;5;11m⚡[0m]  • Successfully disabled hook PlaceholderAPI in 0ms!
[22:11:49] [Server thread/INFO]: [[38;5;11m⚡[0m] (HookManager) -> Disabled manager in 0ms!
[22:11:49] [Server thread/INFO]: [[38;5;11m⚡[0m] (MetricsManager) -> Disabling manager...
[22:11:49] [Server thread/INFO]: [[38;5;11m⚡[0m] (MetricsManager) -> Disabled manager in 0ms!
[22:11:49] [Server thread/INFO]: [[38;5;11m⚡[0m] (UpdaterManager) -> Disabling manager...
[22:11:49] [Server thread/INFO]: [[38;5;11m⚡[0m] (UpdaterManager) -> Disabled manager in 0ms!
[22:11:49] [Server thread/INFO]: [[38;5;11m⚡[0m] (ModuleManager) -> Disabling manager...
[22:11:49] [Server thread/INFO]: [[38;5;11m⚡[0m]  • Successfully disabled module RedstoneLimiter in 0ms.
[22:11:49] [Server thread/INFO]: [[38;5;11m⚡[0m]  • Successfully disabled module InstantLeafDecay in 1ms.
[22:11:49] [Server thread/INFO]: [[38;5;11m⚡[0m]  • Successfully disabled module WorldCleaner in 0ms.
[22:11:49] [Server thread/INFO]: [[38;5;11m⚡[0m]  • Successfully disabled module LagShield in 0ms.
[22:11:49] [Server thread/INFO]: [[38;5;11m⚡[0m]  • Successfully disabled module ExplosionOptimizer in 0ms.
[22:11:49] [Server thread/INFO]: [[38;5;11m⚡[0m]  • Successfully disabled module MobAiReducer in 0ms.
[22:11:49] [Server thread/INFO]: [[38;5;11m⚡[0m]  • Successfully disabled module EntityLimiter in 0ms.
[22:11:49] [Server thread/INFO]: [[38;5;11m⚡[0m]  • Successfully disabled module AbilityLimiter in 0ms.
[22:11:49] [Server thread/INFO]: [[38;5;11m⚡[0m] (ModuleManager) -> Disabled manager in 1ms!
[22:11:49] [Server thread/INFO]: [[38;5;11m⚡[0m] (CommandManager) -> Disabling manager...
[22:11:49] [Server thread/INFO]: [[38;5;11m⚡[0m] (CommandManager) -> Disabled manager in 0ms!
[22:11:49] [Server thread/INFO]: [AxVaults] Disabling AxVaults v2.12.0
[22:11:49] [Server thread/INFO]: [Chunker] Disabling Chunker v1.21
[22:11:49] [Server thread/INFO]: [voicechat] Disabling voicechat v2.6.11
[22:11:49] [Server thread/INFO]: [AxGraves] Disabling AxGraves v1.26.0
[22:11:49] [Server thread/INFO]: [XConomy] Disabling XConomy v2.26.3
[22:11:49] [Server thread/INFO]: [XConomy] XConomy successfully disabled
[22:11:49] [Server thread/INFO]: [CustomFishing] Disabling CustomFishing v2.3.20
[22:11:49] [Server thread/ERROR]: Error occurred while disabling CustomFishing v2.3.20
java.lang.RuntimeException: java.lang.reflect.InvocationTargetException
	at CustomFishing-2.3.20.jar/net.momirealms.customfishing.bukkit.storage.method.database.sql.H2Provider.getConnection(H2Provider.java:87) ~[CustomFishing-2.3.20.jar:?]
	at CustomFishing-2.3.20.jar/net.momirealms.customfishing.bukkit.storage.method.database.sql.AbstractSQLDatabase.updateManyPlayersData(AbstractSQLDatabase.java:187) ~[CustomFishing-2.3.20.jar:?]
	at CustomFishing-2.3.20.jar/net.momirealms.customfishing.bukkit.storage.BukkitStorageManager.disable(BukkitStorageManager.java:149) ~[CustomFishing-2.3.20.jar:?]
	at CustomFishing-2.3.20.jar/net.momirealms.customfishing.bukkit.BukkitCustomFishingPluginImpl.disable(BukkitCustomFishingPluginImpl.java:254) ~[CustomFishing-2.3.20.jar:?]
	at CustomFishing-2.3.20.jar/net.momirealms.customfishing.bukkit.BukkitBootstrap.onDisable(BukkitBootstrap.java:40) ~[CustomFishing-2.3.20.jar:?]
	at org.bukkit.plugin.java.JavaPlugin.setEnabled(JavaPlugin.java:286) ~[pluto-api-1.21.4-R0.1-SNAPSHOT.jar:?]
	at io.papermc.paper.plugin.manager.PaperPluginInstanceManager.disablePlugin(PaperPluginInstanceManager.java:237) ~[pluto-1.21.4.jar:1.21.4-37-412ab86]
	at io.papermc.paper.plugin.manager.PaperPluginInstanceManager.disablePlugins(PaperPluginInstanceManager.java:161) ~[pluto-1.21.4.jar:1.21.4-37-412ab86]
	at io.papermc.paper.plugin.manager.PaperPluginManagerImpl.disablePlugins(PaperPluginManagerImpl.java:97) ~[pluto-1.21.4.jar:1.21.4-37-412ab86]
	at org.bukkit.plugin.SimplePluginManager.disablePlugins(SimplePluginManager.java:541) ~[pluto-api-1.21.4-R0.1-SNAPSHOT.jar:?]
	at org.bukkit.craftbukkit.CraftServer.disablePlugins(CraftServer.java:627) ~[pluto-1.21.4.jar:1.21.4-37-412ab86]
	at net.minecraft.server.MinecraftServer.stopServer(MinecraftServer.java:1008) ~[pluto-1.21.4.jar:1.21.4-37-412ab86]
	at net.minecraft.server.dedicated.DedicatedServer.stopServer(DedicatedServer.java:761) ~[pluto-1.21.4.jar:1.21.4-37-412ab86]
	at net.minecraft.server.MinecraftServer.runServer(MinecraftServer.java:1301) ~[pluto-1.21.4.jar:1.21.4-37-412ab86]
	at net.minecraft.server.MinecraftServer.lambda$spin$2(MinecraftServer.java:311) ~[pluto-1.21.4.jar:1.21.4-37-412ab86]
	at java.base/java.lang.Thread.run(Thread.java:1583) ~[?:?]
Caused by: java.lang.reflect.InvocationTargetException
	at java.base/jdk.internal.reflect.DirectMethodHandleAccessor.invoke(DirectMethodHandleAccessor.java:118) ~[?:?]
	at java.base/java.lang.reflect.Method.invoke(Method.java:580) ~[?:?]
	at CustomFishing-2.3.20.jar/net.momirealms.customfishing.bukkit.storage.method.database.sql.H2Provider.getConnection(H2Provider.java:85) ~[CustomFishing-2.3.20.jar:?]
	... 15 more
Caused by: org.h2.jdbc.JdbcSQLNonTransientConnectionException: Database is already closed (to disable automatic closing at VM shutdown, add ";DB_CLOSE_ON_EXIT=FALSE" to the db URL) [90121-240]
	at org.h2.message.DbException.getJdbcSQLException(DbException.java:690) ~[?:?]
	at org.h2.message.DbException.getJdbcSQLException(DbException.java:489) ~[?:?]
	at org.h2.message.DbException.get(DbException.java:223) ~[?:?]
	at org.h2.message.DbException.get(DbException.java:199) ~[?:?]
	at org.h2.message.DbException.get(DbException.java:188) ~[?:?]
	at org.h2.jdbc.JdbcConnection.checkClosed(JdbcConnection.java:1418) ~[?:?]
	at org.h2.jdbc.JdbcConnection.rollback(JdbcConnection.java:509) ~[?:?]
	at org.h2.jdbcx.JdbcXAConnection.getConnection(JdbcXAConnection.java:102) ~[?:?]
	at org.h2.jdbcx.JdbcConnectionPool.getConnectionNow(JdbcConnectionPool.java:235) ~[?:?]
	at org.h2.jdbcx.JdbcConnectionPool.getConnection(JdbcConnectionPool.java:198) ~[?:?]
	at java.base/jdk.internal.reflect.DirectMethodHandleAccessor.invoke(DirectMethodHandleAccessor.java:103) ~[?:?]
	at java.base/java.lang.reflect.Method.invoke(Method.java:580) ~[?:?]
	at CustomFishing-2.3.20.jar/net.momirealms.customfishing.bukkit.storage.method.database.sql.H2Provider.getConnection(H2Provider.java:85) ~[CustomFishing-2.3.20.jar:?]
	... 15 more
[22:11:49] [Server thread/INFO]: [CustomNameplates] Disabling CustomNameplates v3.0.36
[22:11:49] [Server thread/INFO]: [MCPets] Disabling MCPets v4.1.5-SNAPSHOT
[22:11:49] [Server thread/INFO]: -=-=-=-= MCPets disabled =-=-=-=-
[22:11:49] [Server thread/INFO]:           See you soon           
[22:11:49] [Server thread/INFO]: -=-=-=-= -=-=-=-=-=-=-=- =-=-=-=-
[22:11:49] [Server thread/INFO]: [HMCCosmetics] Disabling HMCCosmetics v2.8.2
[22:11:49] [Server thread/INFO]: [FreedomChat] Disabling FreedomChat v1.7.2
[22:11:49] [Server thread/INFO]: [zAuctionHouseV3] Disabling zAuctionHouseV3 v3.2.2.9
[22:11:49] [Server thread/INFO]: [zAuctionHouseV3 v3.2.2.9] === DISABLE START ===
[22:11:49] [Server thread/INFO]: [zAuctionHouseV3 v3.2.2.9] === DISABLE DONE (1ms) ===
[22:11:49] [Server thread/INFO]: [AxQuestBoard] Disabling AxQuestBoard v1.14.2
[22:11:49] [Server thread/WARN]: org.h2.jdbc.JdbcSQLNonTransientConnectionException: Database is already closed (to disable automatic closing at VM shutdown, add ";DB_CLOSE_ON_EXIT=FALSE" to the db URL) [90121-214]
[22:11:49] [Server thread/WARN]: 	at AxQuestBoard-1.14.2.jar//org.h2.message.DbException.getJdbcSQLException(DbException.java:678)
[22:11:49] [Server thread/WARN]: 	at AxQuestBoard-1.14.2.jar//org.h2.message.DbException.getJdbcSQLException(DbException.java:477)
[22:11:49] [Server thread/WARN]: 	at AxQuestBoard-1.14.2.jar//org.h2.message.DbException.get(DbException.java:223)
[22:11:49] [Server thread/WARN]: 	at AxQuestBoard-1.14.2.jar//org.h2.message.DbException.get(DbException.java:199)
[22:11:49] [Server thread/WARN]: 	at AxQuestBoard-1.14.2.jar//org.h2.message.DbException.get(DbException.java:188)
[22:11:49] [Server thread/WARN]: 	at AxQuestBoard-1.14.2.jar//org.h2.jdbc.JdbcConnection.checkClosed(JdbcConnection.java:1375)
[22:11:49] [Server thread/WARN]: 	at AxQuestBoard-1.14.2.jar//org.h2.jdbc.JdbcConnection.prepareStatement(JdbcConnection.java:286)
[22:11:49] [Server thread/WARN]: 	at AxQuestBoard-1.14.2.jar//com.artillexstudios.axquestboard.database.impl.H2.saveScores(H2.java:194)
[22:11:49] [Server thread/WARN]: 	at AxQuestBoard-1.14.2.jar//com.artillexstudios.axquestboard.AxQuestBoard.lambda$disable$0(AxQuestBoard.java:131)
[22:11:49] [Server thread/WARN]: 	at java.base/java.util.HashMap$Values.forEach(HashMap.java:1073)
[22:11:49] [Server thread/WARN]: 	at AxQuestBoard-1.14.2.jar//com.artillexstudios.axquestboard.AxQuestBoard.disable(AxQuestBoard.java:130)
[22:11:49] [Server thread/WARN]: 	at AxQuestBoard-1.14.2.jar//com.artillexstudios.axquestboard.libs.axapi.AxPlugin.onDisable(AxPlugin.java:212)
[22:11:49] [Server thread/WARN]: 	at org.bukkit.plugin.java.JavaPlugin.setEnabled(JavaPlugin.java:286)
[22:11:49] [Server thread/WARN]: 	at io.papermc.paper.plugin.manager.PaperPluginInstanceManager.disablePlugin(PaperPluginInstanceManager.java:237)
[22:11:49] [Server thread/WARN]: 	at io.papermc.paper.plugin.manager.PaperPluginInstanceManager.disablePlugins(PaperPluginInstanceManager.java:161)
[22:11:49] [Server thread/WARN]: 	at io.papermc.paper.plugin.manager.PaperPluginManagerImpl.disablePlugins(PaperPluginManagerImpl.java:97)
[22:11:49] [Server thread/WARN]: 	at org.bukkit.plugin.SimplePluginManager.disablePlugins(SimplePluginManager.java:541)
[22:11:49] [Server thread/WARN]: 	at org.bukkit.craftbukkit.CraftServer.disablePlugins(CraftServer.java:627)
[22:11:49] [Server thread/WARN]: 	at net.minecraft.server.MinecraftServer.stopServer(MinecraftServer.java:1008)
[22:11:49] [Server thread/WARN]: 	at net.minecraft.server.dedicated.DedicatedServer.stopServer(DedicatedServer.java:761)
[22:11:49] [Server thread/WARN]: 	at net.minecraft.server.MinecraftServer.runServer(MinecraftServer.java:1301)
[22:11:49] [Server thread/WARN]: 	at net.minecraft.server.MinecraftServer.lambda$spin$2(MinecraftServer.java:311)
[22:11:49] [Server thread/WARN]: 	at java.base/java.lang.Thread.run(Thread.java:1583)
[22:11:49] [Server thread/WARN]: org.h2.jdbc.JdbcSQLNonTransientConnectionException: Database is already closed (to disable automatic closing at VM shutdown, add ";DB_CLOSE_ON_EXIT=FALSE" to the db URL) [90121-214]
[22:11:49] [Server thread/WARN]: 	at AxQuestBoard-1.14.2.jar//org.h2.message.DbException.getJdbcSQLException(DbException.java:678)
[22:11:49] [Server thread/WARN]: 	at AxQuestBoard-1.14.2.jar//org.h2.message.DbException.getJdbcSQLException(DbException.java:477)
[22:11:49] [Server thread/WARN]: 	at AxQuestBoard-1.14.2.jar//org.h2.message.DbException.get(DbException.java:223)
[22:11:49] [Server thread/WARN]: 	at AxQuestBoard-1.14.2.jar//org.h2.message.DbException.get(DbException.java:199)
[22:11:49] [Server thread/WARN]: 	at AxQuestBoard-1.14.2.jar//org.h2.message.DbException.get(DbException.java:188)
[22:11:49] [Server thread/WARN]: 	at AxQuestBoard-1.14.2.jar//org.h2.jdbc.JdbcConnection.checkClosed(JdbcConnection.java:1375)
[22:11:49] [Server thread/WARN]: 	at AxQuestBoard-1.14.2.jar//org.h2.jdbc.JdbcConnection.prepareStatement(JdbcConnection.java:286)
[22:11:49] [Server thread/WARN]: 	at AxQuestBoard-1.14.2.jar//com.artillexstudios.axquestboard.database.impl.H2.saveScores(H2.java:206)
[22:11:49] [Server thread/WARN]: 	at AxQuestBoard-1.14.2.jar//com.artillexstudios.axquestboard.AxQuestBoard.lambda$disable$0(AxQuestBoard.java:131)
[22:11:49] [Server thread/WARN]: 	at java.base/java.util.HashMap$Values.forEach(HashMap.java:1073)
[22:11:49] [Server thread/WARN]: 	at AxQuestBoard-1.14.2.jar//com.artillexstudios.axquestboard.AxQuestBoard.disable(AxQuestBoard.java:130)
[22:11:49] [Server thread/WARN]: 	at AxQuestBoard-1.14.2.jar//com.artillexstudios.axquestboard.libs.axapi.AxPlugin.onDisable(AxPlugin.java:212)
[22:11:49] [Server thread/WARN]: 	at org.bukkit.plugin.java.JavaPlugin.setEnabled(JavaPlugin.java:286)
[22:11:49] [Server thread/WARN]: 	at io.papermc.paper.plugin.manager.PaperPluginInstanceManager.disablePlugin(PaperPluginInstanceManager.java:237)
[22:11:49] [Server thread/WARN]: 	at io.papermc.paper.plugin.manager.PaperPluginInstanceManager.disablePlugins(PaperPluginInstanceManager.java:161)
[22:11:49] [Server thread/WARN]: 	at io.papermc.paper.plugin.manager.PaperPluginManagerImpl.disablePlugins(PaperPluginManagerImpl.java:97)
[22:11:49] [Server thread/WARN]: 	at org.bukkit.plugin.SimplePluginManager.disablePlugins(SimplePluginManager.java:541)
[22:11:49] [Server thread/WARN]: 	at org.bukkit.craftbukkit.CraftServer.disablePlugins(CraftServer.java:627)
[22:11:49] [Server thread/WARN]: 	at net.minecraft.server.MinecraftServer.stopServer(MinecraftServer.java:1008)
[22:11:49] [Server thread/WARN]: 	at net.minecraft.server.dedicated.DedicatedServer.stopServer(DedicatedServer.java:761)
[22:11:49] [Server thread/WARN]: 	at net.minecraft.server.MinecraftServer.runServer(MinecraftServer.java:1301)
[22:11:49] [Server thread/WARN]: 	at net.minecraft.server.MinecraftServer.lambda$spin$2(MinecraftServer.java:311)
[22:11:49] [Server thread/WARN]: 	at java.base/java.lang.Thread.run(Thread.java:1583)
[22:11:49] [Server thread/WARN]: org.h2.jdbc.JdbcSQLNonTransientConnectionException: Database is already closed (to disable automatic closing at VM shutdown, add ";DB_CLOSE_ON_EXIT=FALSE" to the db URL) [90121-214]
[22:11:49] [Server thread/WARN]: 	at AxQuestBoard-1.14.2.jar//org.h2.message.DbException.getJdbcSQLException(DbException.java:678)
[22:11:49] [Server thread/WARN]: 	at AxQuestBoard-1.14.2.jar//org.h2.message.DbException.getJdbcSQLException(DbException.java:477)
[22:11:49] [Server thread/WARN]: 	at AxQuestBoard-1.14.2.jar//org.h2.message.DbException.get(DbException.java:223)
[22:11:49] [Server thread/WARN]: 	at AxQuestBoard-1.14.2.jar//org.h2.message.DbException.get(DbException.java:199)
[22:11:49] [Server thread/WARN]: 	at AxQuestBoard-1.14.2.jar//org.h2.message.DbException.get(DbException.java:188)
[22:11:49] [Server thread/WARN]: 	at AxQuestBoard-1.14.2.jar//org.h2.jdbc.JdbcConnection.checkClosed(JdbcConnection.java:1375)
[22:11:49] [Server thread/WARN]: 	at AxQuestBoard-1.14.2.jar//org.h2.jdbc.JdbcConnection.prepareStatement(JdbcConnection.java:286)
[22:11:49] [Server thread/WARN]: 	at AxQuestBoard-1.14.2.jar//com.artillexstudios.axquestboard.database.impl.H2.saveQuest(H2.java:179)
[22:11:49] [Server thread/WARN]: 	at AxQuestBoard-1.14.2.jar//com.artillexstudios.axquestboard.AxQuestBoard.lambda$disable$0(AxQuestBoard.java:132)
[22:11:49] [Server thread/WARN]: 	at java.base/java.util.HashMap$Values.forEach(HashMap.java:1073)
[22:11:49] [Server thread/WARN]: 	at AxQuestBoard-1.14.2.jar//com.artillexstudios.axquestboard.AxQuestBoard.disable(AxQuestBoard.java:130)
[22:11:49] [Server thread/WARN]: 	at AxQuestBoard-1.14.2.jar//com.artillexstudios.axquestboard.libs.axapi.AxPlugin.onDisable(AxPlugin.java:212)
[22:11:49] [Server thread/WARN]: 	at org.bukkit.plugin.java.JavaPlugin.setEnabled(JavaPlugin.java:286)
[22:11:49] [Server thread/WARN]: 	at io.papermc.paper.plugin.manager.PaperPluginInstanceManager.disablePlugin(PaperPluginInstanceManager.java:237)
[22:11:49] [Server thread/WARN]: 	at io.papermc.paper.plugin.manager.PaperPluginInstanceManager.disablePlugins(PaperPluginInstanceManager.java:161)
[22:11:49] [Server thread/WARN]: 	at io.papermc.paper.plugin.manager.PaperPluginManagerImpl.disablePlugins(PaperPluginManagerImpl.java:97)
[22:11:49] [Server thread/WARN]: 	at org.bukkit.plugin.SimplePluginManager.disablePlugins(SimplePluginManager.java:541)
[22:11:49] [Server thread/WARN]: 	at org.bukkit.craftbukkit.CraftServer.disablePlugins(CraftServer.java:627)
[22:11:49] [Server thread/WARN]: 	at net.minecraft.server.MinecraftServer.stopServer(MinecraftServer.java:1008)
[22:11:49] [Server thread/WARN]: 	at net.minecraft.server.dedicated.DedicatedServer.stopServer(DedicatedServer.java:761)
[22:11:49] [Server thread/WARN]: 	at net.minecraft.server.MinecraftServer.runServer(MinecraftServer.java:1301)
[22:11:49] [Server thread/WARN]: 	at net.minecraft.server.MinecraftServer.lambda$spin$2(MinecraftServer.java:311)
[22:11:49] [Server thread/WARN]: 	at java.base/java.lang.Thread.run(Thread.java:1583)
[22:11:49] [Server thread/WARN]: org.h2.jdbc.JdbcSQLNonTransientConnectionException: Database is already closed (to disable automatic closing at VM shutdown, add ";DB_CLOSE_ON_EXIT=FALSE" to the db URL) [90121-214]
[22:11:49] [Server thread/WARN]: 	at AxQuestBoard-1.14.2.jar//org.h2.message.DbException.getJdbcSQLException(DbException.java:678)
[22:11:49] [Server thread/WARN]: 	at AxQuestBoard-1.14.2.jar//org.h2.message.DbException.getJdbcSQLException(DbException.java:477)
[22:11:49] [Server thread/WARN]: 	at AxQuestBoard-1.14.2.jar//org.h2.message.DbException.get(DbException.java:223)
[22:11:49] [Server thread/WARN]: 	at AxQuestBoard-1.14.2.jar//org.h2.message.DbException.get(DbException.java:199)
[22:11:49] [Server thread/WARN]: 	at AxQuestBoard-1.14.2.jar//org.h2.message.DbException.get(DbException.java:188)
[22:11:49] [Server thread/WARN]: 	at AxQuestBoard-1.14.2.jar//org.h2.jdbc.JdbcConnection.checkClosed(JdbcConnection.java:1375)
[22:11:49] [Server thread/WARN]: 	at AxQuestBoard-1.14.2.jar//org.h2.jdbc.JdbcConnection.prepareStatement(JdbcConnection.java:286)
[22:11:49] [Server thread/WARN]: 	at AxQuestBoard-1.14.2.jar//com.artillexstudios.axquestboard.database.impl.H2.saveScores(H2.java:194)
[22:11:49] [Server thread/WARN]: 	at AxQuestBoard-1.14.2.jar//com.artillexstudios.axquestboard.AxQuestBoard.lambda$disable$0(AxQuestBoard.java:131)
[22:11:49] [Server thread/WARN]: 	at java.base/java.util.HashMap$Values.forEach(HashMap.java:1073)
[22:11:49] [Server thread/WARN]: 	at AxQuestBoard-1.14.2.jar//com.artillexstudios.axquestboard.AxQuestBoard.disable(AxQuestBoard.java:130)
[22:11:49] [Server thread/WARN]: 	at AxQuestBoard-1.14.2.jar//com.artillexstudios.axquestboard.libs.axapi.AxPlugin.onDisable(AxPlugin.java:212)
[22:11:49] [Server thread/WARN]: 	at org.bukkit.plugin.java.JavaPlugin.setEnabled(JavaPlugin.java:286)
[22:11:49] [Server thread/WARN]: 	at io.papermc.paper.plugin.manager.PaperPluginInstanceManager.disablePlugin(PaperPluginInstanceManager.java:237)
[22:11:49] [Server thread/WARN]: 	at io.papermc.paper.plugin.manager.PaperPluginInstanceManager.disablePlugins(PaperPluginInstanceManager.java:161)
[22:11:49] [Server thread/WARN]: 	at io.papermc.paper.plugin.manager.PaperPluginManagerImpl.disablePlugins(PaperPluginManagerImpl.java:97)
[22:11:49] [Server thread/WARN]: 	at org.bukkit.plugin.SimplePluginManager.disablePlugins(SimplePluginManager.java:541)
[22:11:49] [Server thread/WARN]: 	at org.bukkit.craftbukkit.CraftServer.disablePlugins(CraftServer.java:627)
[22:11:49] [Server thread/WARN]: 	at net.minecraft.server.MinecraftServer.stopServer(MinecraftServer.java:1008)
[22:11:49] [Server thread/WARN]: 	at net.minecraft.server.dedicated.DedicatedServer.stopServer(DedicatedServer.java:761)
[22:11:49] [Server thread/WARN]: 	at net.minecraft.server.MinecraftServer.runServer(MinecraftServer.java:1301)
[22:11:49] [Server thread/WARN]: 	at net.minecraft.server.MinecraftServer.lambda$spin$2(MinecraftServer.java:311)
[22:11:49] [Server thread/WARN]: 	at java.base/java.lang.Thread.run(Thread.java:1583)
[22:11:49] [Server thread/WARN]: org.h2.jdbc.JdbcSQLNonTransientConnectionException: Database is already closed (to disable automatic closing at VM shutdown, add ";DB_CLOSE_ON_EXIT=FALSE" to the db URL) [90121-214]
[22:11:49] [Server thread/WARN]: 	at AxQuestBoard-1.14.2.jar//org.h2.message.DbException.getJdbcSQLException(DbException.java:678)
[22:11:49] [Server thread/WARN]: 	at AxQuestBoard-1.14.2.jar//org.h2.message.DbException.getJdbcSQLException(DbException.java:477)
[22:11:49] [Server thread/WARN]: 	at AxQuestBoard-1.14.2.jar//org.h2.message.DbException.get(DbException.java:223)
[22:11:49] [Server thread/WARN]: 	at AxQuestBoard-1.14.2.jar//org.h2.message.DbException.get(DbException.java:199)
[22:11:49] [Server thread/WARN]: 	at AxQuestBoard-1.14.2.jar//org.h2.message.DbException.get(DbException.java:188)
[22:11:49] [Server thread/WARN]: 	at AxQuestBoard-1.14.2.jar//org.h2.jdbc.JdbcConnection.checkClosed(JdbcConnection.java:1375)
[22:11:49] [Server thread/WARN]: 	at AxQuestBoard-1.14.2.jar//org.h2.jdbc.JdbcConnection.prepareStatement(JdbcConnection.java:286)
[22:11:49] [Server thread/WARN]: 	at AxQuestBoard-1.14.2.jar//com.artillexstudios.axquestboard.database.impl.H2.saveQuest(H2.java:179)
[22:11:49] [Server thread/WARN]: 	at AxQuestBoard-1.14.2.jar//com.artillexstudios.axquestboard.AxQuestBoard.lambda$disable$0(AxQuestBoard.java:132)
[22:11:49] [Server thread/WARN]: 	at java.base/java.util.HashMap$Values.forEach(HashMap.java:1073)
[22:11:49] [Server thread/WARN]: 	at AxQuestBoard-1.14.2.jar//com.artillexstudios.axquestboard.AxQuestBoard.disable(AxQuestBoard.java:130)
[22:11:49] [Server thread/WARN]: 	at AxQuestBoard-1.14.2.jar//com.artillexstudios.axquestboard.libs.axapi.AxPlugin.onDisable(AxPlugin.java:212)
[22:11:49] [Server thread/WARN]: 	at org.bukkit.plugin.java.JavaPlugin.setEnabled(JavaPlugin.java:286)
[22:11:49] [Server thread/WARN]: 	at io.papermc.paper.plugin.manager.PaperPluginInstanceManager.disablePlugin(PaperPluginInstanceManager.java:237)
[22:11:49] [Server thread/WARN]: 	at io.papermc.paper.plugin.manager.PaperPluginInstanceManager.disablePlugins(PaperPluginInstanceManager.java:161)
[22:11:49] [Server thread/WARN]: 	at io.papermc.paper.plugin.manager.PaperPluginManagerImpl.disablePlugins(PaperPluginManagerImpl.java:97)
[22:11:49] [Server thread/WARN]: 	at org.bukkit.plugin.SimplePluginManager.disablePlugins(SimplePluginManager.java:541)
[22:11:49] [Server thread/WARN]: 	at org.bukkit.craftbukkit.CraftServer.disablePlugins(CraftServer.java:627)
[22:11:49] [Server thread/WARN]: 	at net.minecraft.server.MinecraftServer.stopServer(MinecraftServer.java:1008)
[22:11:49] [Server thread/WARN]: 	at net.minecraft.server.dedicated.DedicatedServer.stopServer(DedicatedServer.java:761)
[22:11:49] [Server thread/WARN]: 	at net.minecraft.server.MinecraftServer.runServer(MinecraftServer.java:1301)
[22:11:49] [Server thread/WARN]: 	at net.minecraft.server.MinecraftServer.lambda$spin$2(MinecraftServer.java:311)
[22:11:49] [Server thread/WARN]: 	at java.base/java.lang.Thread.run(Thread.java:1583)
[22:11:49] [Server thread/WARN]: org.h2.jdbc.JdbcSQLNonTransientConnectionException: Database is already closed (to disable automatic closing at VM shutdown, add ";DB_CLOSE_ON_EXIT=FALSE" to the db URL) [90121-214]
[22:11:49] [Server thread/WARN]: 	at AxQuestBoard-1.14.2.jar//org.h2.message.DbException.getJdbcSQLException(DbException.java:678)
[22:11:49] [Server thread/WARN]: 	at AxQuestBoard-1.14.2.jar//org.h2.message.DbException.getJdbcSQLException(DbException.java:477)
[22:11:49] [Server thread/WARN]: 	at AxQuestBoard-1.14.2.jar//org.h2.message.DbException.get(DbException.java:223)
[22:11:49] [Server thread/WARN]: 	at AxQuestBoard-1.14.2.jar//org.h2.message.DbException.get(DbException.java:199)
[22:11:49] [Server thread/WARN]: 	at AxQuestBoard-1.14.2.jar//org.h2.message.DbException.get(DbException.java:188)
[22:11:49] [Server thread/WARN]: 	at AxQuestBoard-1.14.2.jar//org.h2.jdbc.JdbcConnection.checkClosed(JdbcConnection.java:1375)
[22:11:49] [Server thread/WARN]: 	at AxQuestBoard-1.14.2.jar//org.h2.jdbc.JdbcConnection.prepareStatement(JdbcConnection.java:286)
[22:11:49] [Server thread/WARN]: 	at AxQuestBoard-1.14.2.jar//com.artillexstudios.axquestboard.database.impl.H2.saveScores(H2.java:194)
[22:11:49] [Server thread/WARN]: 	at AxQuestBoard-1.14.2.jar//com.artillexstudios.axquestboard.AxQuestBoard.lambda$disable$0(AxQuestBoard.java:131)
[22:11:49] [Server thread/WARN]: 	at java.base/java.util.HashMap$Values.forEach(HashMap.java:1073)
[22:11:49] [Server thread/WARN]: 	at AxQuestBoard-1.14.2.jar//com.artillexstudios.axquestboard.AxQuestBoard.disable(AxQuestBoard.java:130)
[22:11:49] [Server thread/WARN]: 	at AxQuestBoard-1.14.2.jar//com.artillexstudios.axquestboard.libs.axapi.AxPlugin.onDisable(AxPlugin.java:212)
[22:11:49] [Server thread/WARN]: 	at org.bukkit.plugin.java.JavaPlugin.setEnabled(JavaPlugin.java:286)
[22:11:49] [Server thread/WARN]: 	at io.papermc.paper.plugin.manager.PaperPluginInstanceManager.disablePlugin(PaperPluginInstanceManager.java:237)
[22:11:49] [Server thread/WARN]: 	at io.papermc.paper.plugin.manager.PaperPluginInstanceManager.disablePlugins(PaperPluginInstanceManager.java:161)
[22:11:49] [Server thread/WARN]: 	at io.papermc.paper.plugin.manager.PaperPluginManagerImpl.disablePlugins(PaperPluginManagerImpl.java:97)
[22:11:49] [Server thread/WARN]: 	at org.bukkit.plugin.SimplePluginManager.disablePlugins(SimplePluginManager.java:541)
[22:11:49] [Server thread/WARN]: 	at org.bukkit.craftbukkit.CraftServer.disablePlugins(CraftServer.java:627)
[22:11:49] [Server thread/WARN]: 	at net.minecraft.server.MinecraftServer.stopServer(MinecraftServer.java:1008)
[22:11:49] [Server thread/WARN]: 	at net.minecraft.server.dedicated.DedicatedServer.stopServer(DedicatedServer.java:761)
[22:11:49] [Server thread/WARN]: 	at net.minecraft.server.MinecraftServer.runServer(MinecraftServer.java:1301)
[22:11:49] [Server thread/WARN]: 	at net.minecraft.server.MinecraftServer.lambda$spin$2(MinecraftServer.java:311)
[22:11:49] [Server thread/WARN]: 	at java.base/java.lang.Thread.run(Thread.java:1583)
[22:11:49] [Server thread/WARN]: org.h2.jdbc.JdbcSQLNonTransientConnectionException: Database is already closed (to disable automatic closing at VM shutdown, add ";DB_CLOSE_ON_EXIT=FALSE" to the db URL) [90121-214]
[22:11:49] [Server thread/WARN]: 	at AxQuestBoard-1.14.2.jar//org.h2.message.DbException.getJdbcSQLException(DbException.java:678)
[22:11:49] [Server thread/WARN]: 	at AxQuestBoard-1.14.2.jar//org.h2.message.DbException.getJdbcSQLException(DbException.java:477)
[22:11:49] [Server thread/WARN]: 	at AxQuestBoard-1.14.2.jar//org.h2.message.DbException.get(DbException.java:223)
[22:11:49] [Server thread/WARN]: 	at AxQuestBoard-1.14.2.jar//org.h2.message.DbException.get(DbException.java:199)
[22:11:49] [Server thread/WARN]: 	at AxQuestBoard-1.14.2.jar//org.h2.message.DbException.get(DbException.java:188)
[22:11:49] [Server thread/WARN]: 	at AxQuestBoard-1.14.2.jar//org.h2.jdbc.JdbcConnection.checkClosed(JdbcConnection.java:1375)
[22:11:49] [Server thread/WARN]: 	at AxQuestBoard-1.14.2.jar//org.h2.jdbc.JdbcConnection.prepareStatement(JdbcConnection.java:286)
[22:11:49] [Server thread/WARN]: 	at AxQuestBoard-1.14.2.jar//com.artillexstudios.axquestboard.database.impl.H2.saveQuest(H2.java:179)
[22:11:49] [Server thread/WARN]: 	at AxQuestBoard-1.14.2.jar//com.artillexstudios.axquestboard.AxQuestBoard.lambda$disable$0(AxQuestBoard.java:132)
[22:11:49] [Server thread/WARN]: 	at java.base/java.util.HashMap$Values.forEach(HashMap.java:1073)
[22:11:49] [Server thread/WARN]: 	at AxQuestBoard-1.14.2.jar//com.artillexstudios.axquestboard.AxQuestBoard.disable(AxQuestBoard.java:130)
[22:11:49] [Server thread/WARN]: 	at AxQuestBoard-1.14.2.jar//com.artillexstudios.axquestboard.libs.axapi.AxPlugin.onDisable(AxPlugin.java:212)
[22:11:49] [Server thread/WARN]: 	at org.bukkit.plugin.java.JavaPlugin.setEnabled(JavaPlugin.java:286)
[22:11:49] [Server thread/WARN]: 	at io.papermc.paper.plugin.manager.PaperPluginInstanceManager.disablePlugin(PaperPluginInstanceManager.java:237)
[22:11:49] [Server thread/WARN]: 	at io.papermc.paper.plugin.manager.PaperPluginInstanceManager.disablePlugins(PaperPluginInstanceManager.java:161)
[22:11:49] [Server thread/WARN]: 	at io.papermc.paper.plugin.manager.PaperPluginManagerImpl.disablePlugins(PaperPluginManagerImpl.java:97)
[22:11:49] [Server thread/WARN]: 	at org.bukkit.plugin.SimplePluginManager.disablePlugins(SimplePluginManager.java:541)
[22:11:49] [Server thread/WARN]: 	at org.bukkit.craftbukkit.CraftServer.disablePlugins(CraftServer.java:627)
[22:11:49] [Server thread/WARN]: 	at net.minecraft.server.MinecraftServer.stopServer(MinecraftServer.java:1008)
[22:11:49] [Server thread/WARN]: 	at net.minecraft.server.dedicated.DedicatedServer.stopServer(DedicatedServer.java:761)
[22:11:49] [Server thread/WARN]: 	at net.minecraft.server.MinecraftServer.runServer(MinecraftServer.java:1301)
[22:11:49] [Server thread/WARN]: 	at net.minecraft.server.MinecraftServer.lambda$spin$2(MinecraftServer.java:311)
[22:11:49] [Server thread/WARN]: 	at java.base/java.lang.Thread.run(Thread.java:1583)
[22:11:49] [Server thread/WARN]: org.h2.jdbc.JdbcSQLNonTransientConnectionException: Database is already closed (to disable automatic closing at VM shutdown, add ";DB_CLOSE_ON_EXIT=FALSE" to the db URL) [90121-214]
[22:11:49] [Server thread/WARN]: 	at AxQuestBoard-1.14.2.jar//org.h2.message.DbException.getJdbcSQLException(DbException.java:678)
[22:11:49] [Server thread/WARN]: 	at AxQuestBoard-1.14.2.jar//org.h2.message.DbException.getJdbcSQLException(DbException.java:477)
[22:11:49] [Server thread/WARN]: 	at AxQuestBoard-1.14.2.jar//org.h2.message.DbException.get(DbException.java:223)
[22:11:49] [Server thread/WARN]: 	at AxQuestBoard-1.14.2.jar//org.h2.message.DbException.get(DbException.java:199)
[22:11:49] [Server thread/WARN]: 	at AxQuestBoard-1.14.2.jar//org.h2.message.DbException.get(DbException.java:188)
[22:11:49] [Server thread/WARN]: 	at AxQuestBoard-1.14.2.jar//org.h2.jdbc.JdbcConnection.checkClosed(JdbcConnection.java:1375)
[22:11:49] [Server thread/WARN]: 	at AxQuestBoard-1.14.2.jar//org.h2.jdbc.JdbcConnection.prepareStatement(JdbcConnection.java:286)
[22:11:49] [Server thread/WARN]: 	at AxQuestBoard-1.14.2.jar//com.artillexstudios.axquestboard.database.impl.H2.saveScores(H2.java:194)
[22:11:49] [Server thread/WARN]: 	at AxQuestBoard-1.14.2.jar//com.artillexstudios.axquestboard.AxQuestBoard.lambda$disable$0(AxQuestBoard.java:131)
[22:11:49] [Server thread/WARN]: 	at java.base/java.util.HashMap$Values.forEach(HashMap.java:1073)
[22:11:49] [Server thread/WARN]: 	at AxQuestBoard-1.14.2.jar//com.artillexstudios.axquestboard.AxQuestBoard.disable(AxQuestBoard.java:130)
[22:11:49] [Server thread/WARN]: 	at AxQuestBoard-1.14.2.jar//com.artillexstudios.axquestboard.libs.axapi.AxPlugin.onDisable(AxPlugin.java:212)
[22:11:49] [Server thread/WARN]: 	at org.bukkit.plugin.java.JavaPlugin.setEnabled(JavaPlugin.java:286)
[22:11:49] [Server thread/WARN]: 	at io.papermc.paper.plugin.manager.PaperPluginInstanceManager.disablePlugin(PaperPluginInstanceManager.java:237)
[22:11:49] [Server thread/WARN]: 	at io.papermc.paper.plugin.manager.PaperPluginInstanceManager.disablePlugins(PaperPluginInstanceManager.java:161)
[22:11:49] [Server thread/WARN]: 	at io.papermc.paper.plugin.manager.PaperPluginManagerImpl.disablePlugins(PaperPluginManagerImpl.java:97)
[22:11:49] [Server thread/WARN]: 	at org.bukkit.plugin.SimplePluginManager.disablePlugins(SimplePluginManager.java:541)
[22:11:49] [Server thread/WARN]: 	at org.bukkit.craftbukkit.CraftServer.disablePlugins(CraftServer.java:627)
[22:11:49] [Server thread/WARN]: 	at net.minecraft.server.MinecraftServer.stopServer(MinecraftServer.java:1008)
[22:11:49] [Server thread/WARN]: 	at net.minecraft.server.dedicated.DedicatedServer.stopServer(DedicatedServer.java:761)
[22:11:49] [Server thread/WARN]: 	at net.minecraft.server.MinecraftServer.runServer(MinecraftServer.java:1301)
[22:11:49] [Server thread/WARN]: 	at net.minecraft.server.MinecraftServer.lambda$spin$2(MinecraftServer.java:311)
[22:11:49] [Server thread/WARN]: 	at java.base/java.lang.Thread.run(Thread.java:1583)
[22:11:49] [Server thread/WARN]: org.h2.jdbc.JdbcSQLNonTransientConnectionException: Database is already closed (to disable automatic closing at VM shutdown, add ";DB_CLOSE_ON_EXIT=FALSE" to the db URL) [90121-214]
[22:11:49] [Server thread/WARN]: 	at AxQuestBoard-1.14.2.jar//org.h2.message.DbException.getJdbcSQLException(DbException.java:678)
[22:11:49] [Server thread/WARN]: 	at AxQuestBoard-1.14.2.jar//org.h2.message.DbException.getJdbcSQLException(DbException.java:477)
[22:11:49] [Server thread/WARN]: 	at AxQuestBoard-1.14.2.jar//org.h2.message.DbException.get(DbException.java:223)
[22:11:49] [Server thread/WARN]: 	at AxQuestBoard-1.14.2.jar//org.h2.message.DbException.get(DbException.java:199)
[22:11:49] [Server thread/WARN]: 	at AxQuestBoard-1.14.2.jar//org.h2.message.DbException.get(DbException.java:188)
[22:11:49] [Server thread/WARN]: 	at AxQuestBoard-1.14.2.jar//org.h2.jdbc.JdbcConnection.checkClosed(JdbcConnection.java:1375)
[22:11:49] [Server thread/WARN]: 	at AxQuestBoard-1.14.2.jar//org.h2.jdbc.JdbcConnection.prepareStatement(JdbcConnection.java:286)
[22:11:49] [Server thread/WARN]: 	at AxQuestBoard-1.14.2.jar//com.artillexstudios.axquestboard.database.impl.H2.saveScores(H2.java:206)
[22:11:49] [Server thread/WARN]: 	at AxQuestBoard-1.14.2.jar//com.artillexstudios.axquestboard.AxQuestBoard.lambda$disable$0(AxQuestBoard.java:131)
[22:11:49] [Server thread/WARN]: 	at java.base/java.util.HashMap$Values.forEach(HashMap.java:1073)
[22:11:49] [Server thread/WARN]: 	at AxQuestBoard-1.14.2.jar//com.artillexstudios.axquestboard.AxQuestBoard.disable(AxQuestBoard.java:130)
[22:11:49] [Server thread/WARN]: 	at AxQuestBoard-1.14.2.jar//com.artillexstudios.axquestboard.libs.axapi.AxPlugin.onDisable(AxPlugin.java:212)
[22:11:49] [Server thread/WARN]: 	at org.bukkit.plugin.java.JavaPlugin.setEnabled(JavaPlugin.java:286)
[22:11:49] [Server thread/WARN]: 	at io.papermc.paper.plugin.manager.PaperPluginInstanceManager.disablePlugin(PaperPluginInstanceManager.java:237)
[22:11:49] [Server thread/WARN]: 	at io.papermc.paper.plugin.manager.PaperPluginInstanceManager.disablePlugins(PaperPluginInstanceManager.java:161)
[22:11:49] [Server thread/WARN]: 	at io.papermc.paper.plugin.manager.PaperPluginManagerImpl.disablePlugins(PaperPluginManagerImpl.java:97)
[22:11:49] [Server thread/WARN]: 	at org.bukkit.plugin.SimplePluginManager.disablePlugins(SimplePluginManager.java:541)
[22:11:49] [Server thread/WARN]: 	at org.bukkit.craftbukkit.CraftServer.disablePlugins(CraftServer.java:627)
[22:11:49] [Server thread/WARN]: 	at net.minecraft.server.MinecraftServer.stopServer(MinecraftServer.java:1008)
[22:11:49] [Server thread/WARN]: 	at net.minecraft.server.dedicated.DedicatedServer.stopServer(DedicatedServer.java:761)
[22:11:49] [Server thread/WARN]: 	at net.minecraft.server.MinecraftServer.runServer(MinecraftServer.java:1301)
[22:11:49] [Server thread/WARN]: 	at net.minecraft.server.MinecraftServer.lambda$spin$2(MinecraftServer.java:311)
[22:11:49] [Server thread/WARN]: 	at java.base/java.lang.Thread.run(Thread.java:1583)
[22:11:49] [Server thread/WARN]: org.h2.jdbc.JdbcSQLNonTransientConnectionException: Database is already closed (to disable automatic closing at VM shutdown, add ";DB_CLOSE_ON_EXIT=FALSE" to the db URL) [90121-214]
[22:11:49] [Server thread/WARN]: 	at AxQuestBoard-1.14.2.jar//org.h2.message.DbException.getJdbcSQLException(DbException.java:678)
[22:11:49] [Server thread/WARN]: 	at AxQuestBoard-1.14.2.jar//org.h2.message.DbException.getJdbcSQLException(DbException.java:477)
[22:11:49] [Server thread/WARN]: 	at AxQuestBoard-1.14.2.jar//org.h2.message.DbException.get(DbException.java:223)
[22:11:49] [Server thread/WARN]: 	at AxQuestBoard-1.14.2.jar//org.h2.message.DbException.get(DbException.java:199)
[22:11:49] [Server thread/WARN]: 	at AxQuestBoard-1.14.2.jar//org.h2.message.DbException.get(DbException.java:188)
[22:11:49] [Server thread/WARN]: 	at AxQuestBoard-1.14.2.jar//org.h2.jdbc.JdbcConnection.checkClosed(JdbcConnection.java:1375)
[22:11:49] [Server thread/WARN]: 	at AxQuestBoard-1.14.2.jar//org.h2.jdbc.JdbcConnection.prepareStatement(JdbcConnection.java:286)
[22:11:49] [Server thread/WARN]: 	at AxQuestBoard-1.14.2.jar//com.artillexstudios.axquestboard.database.impl.H2.saveQuest(H2.java:179)
[22:11:49] [Server thread/WARN]: 	at AxQuestBoard-1.14.2.jar//com.artillexstudios.axquestboard.AxQuestBoard.lambda$disable$0(AxQuestBoard.java:132)
[22:11:49] [Server thread/WARN]: 	at java.base/java.util.HashMap$Values.forEach(HashMap.java:1073)
[22:11:49] [Server thread/WARN]: 	at AxQuestBoard-1.14.2.jar//com.artillexstudios.axquestboard.AxQuestBoard.disable(AxQuestBoard.java:130)
[22:11:49] [Server thread/WARN]: 	at AxQuestBoard-1.14.2.jar//com.artillexstudios.axquestboard.libs.axapi.AxPlugin.onDisable(AxPlugin.java:212)
[22:11:49] [Server thread/WARN]: 	at org.bukkit.plugin.java.JavaPlugin.setEnabled(JavaPlugin.java:286)
[22:11:49] [Server thread/WARN]: 	at io.papermc.paper.plugin.manager.PaperPluginInstanceManager.disablePlugin(PaperPluginInstanceManager.java:237)
[22:11:49] [Server thread/WARN]: 	at io.papermc.paper.plugin.manager.PaperPluginInstanceManager.disablePlugins(PaperPluginInstanceManager.java:161)
[22:11:49] [Server thread/WARN]: 	at io.papermc.paper.plugin.manager.PaperPluginManagerImpl.disablePlugins(PaperPluginManagerImpl.java:97)
[22:11:49] [Server thread/WARN]: 	at org.bukkit.plugin.SimplePluginManager.disablePlugins(SimplePluginManager.java:541)
[22:11:49] [Server thread/WARN]: 	at org.bukkit.craftbukkit.CraftServer.disablePlugins(CraftServer.java:627)
[22:11:49] [Server thread/WARN]: 	at net.minecraft.server.MinecraftServer.stopServer(MinecraftServer.java:1008)
[22:11:49] [Server thread/WARN]: 	at net.minecraft.server.dedicated.DedicatedServer.stopServer(DedicatedServer.java:761)
[22:11:49] [Server thread/WARN]: 	at net.minecraft.server.MinecraftServer.runServer(MinecraftServer.java:1301)
[22:11:49] [Server thread/WARN]: 	at net.minecraft.server.MinecraftServer.lambda$spin$2(MinecraftServer.java:311)
[22:11:49] [Server thread/WARN]: 	at java.base/java.lang.Thread.run(Thread.java:1583)
[22:11:49] [Server thread/WARN]: org.h2.jdbc.JdbcSQLNonTransientConnectionException: Database is already closed (to disable automatic closing at VM shutdown, add ";DB_CLOSE_ON_EXIT=FALSE" to the db URL) [90121-214]
[22:11:49] [Server thread/WARN]: 	at AxQuestBoard-1.14.2.jar//org.h2.message.DbException.getJdbcSQLException(DbException.java:678)
[22:11:49] [Server thread/WARN]: 	at AxQuestBoard-1.14.2.jar//org.h2.message.DbException.getJdbcSQLException(DbException.java:477)
[22:11:49] [Server thread/WARN]: 	at AxQuestBoard-1.14.2.jar//org.h2.message.DbException.get(DbException.java:223)
[22:11:49] [Server thread/WARN]: 	at AxQuestBoard-1.14.2.jar//org.h2.message.DbException.get(DbException.java:199)
[22:11:49] [Server thread/WARN]: 	at AxQuestBoard-1.14.2.jar//org.h2.message.DbException.get(DbException.java:188)
[22:11:49] [Server thread/WARN]: 	at AxQuestBoard-1.14.2.jar//org.h2.jdbc.JdbcConnection.checkClosed(JdbcConnection.java:1375)
[22:11:49] [Server thread/WARN]: 	at AxQuestBoard-1.14.2.jar//org.h2.jdbc.JdbcConnection.prepareStatement(JdbcConnection.java:286)
[22:11:49] [Server thread/WARN]: 	at AxQuestBoard-1.14.2.jar//com.artillexstudios.axquestboard.database.impl.H2.saveScores(H2.java:194)
[22:11:49] [Server thread/WARN]: 	at AxQuestBoard-1.14.2.jar//com.artillexstudios.axquestboard.AxQuestBoard.lambda$disable$0(AxQuestBoard.java:131)
[22:11:49] [Server thread/WARN]: 	at java.base/java.util.HashMap$Values.forEach(HashMap.java:1073)
[22:11:49] [Server thread/WARN]: 	at AxQuestBoard-1.14.2.jar//com.artillexstudios.axquestboard.AxQuestBoard.disable(AxQuestBoard.java:130)
[22:11:49] [Server thread/WARN]: 	at AxQuestBoard-1.14.2.jar//com.artillexstudios.axquestboard.libs.axapi.AxPlugin.onDisable(AxPlugin.java:212)
[22:11:49] [Server thread/WARN]: 	at org.bukkit.plugin.java.JavaPlugin.setEnabled(JavaPlugin.java:286)
[22:11:49] [Server thread/WARN]: 	at io.papermc.paper.plugin.manager.PaperPluginInstanceManager.disablePlugin(PaperPluginInstanceManager.java:237)
[22:11:49] [Server thread/WARN]: 	at io.papermc.paper.plugin.manager.PaperPluginInstanceManager.disablePlugins(PaperPluginInstanceManager.java:161)
[22:11:49] [Server thread/WARN]: 	at io.papermc.paper.plugin.manager.PaperPluginManagerImpl.disablePlugins(PaperPluginManagerImpl.java:97)
[22:11:49] [Server thread/WARN]: 	at org.bukkit.plugin.SimplePluginManager.disablePlugins(SimplePluginManager.java:541)
[22:11:49] [Server thread/WARN]: 	at org.bukkit.craftbukkit.CraftServer.disablePlugins(CraftServer.java:627)
[22:11:49] [Server thread/WARN]: 	at net.minecraft.server.MinecraftServer.stopServer(MinecraftServer.java:1008)
[22:11:49] [Server thread/WARN]: 	at net.minecraft.server.dedicated.DedicatedServer.stopServer(DedicatedServer.java:761)
[22:11:49] [Server thread/WARN]: 	at net.minecraft.server.MinecraftServer.runServer(MinecraftServer.java:1301)
[22:11:49] [Server thread/WARN]: 	at net.minecraft.server.MinecraftServer.lambda$spin$2(MinecraftServer.java:311)
[22:11:49] [Server thread/WARN]: 	at java.base/java.lang.Thread.run(Thread.java:1583)
[22:11:49] [Server thread/WARN]: org.h2.jdbc.JdbcSQLNonTransientConnectionException: Database is already closed (to disable automatic closing at VM shutdown, add ";DB_CLOSE_ON_EXIT=FALSE" to the db URL) [90121-214]
[22:11:49] [Server thread/WARN]: 	at AxQuestBoard-1.14.2.jar//org.h2.message.DbException.getJdbcSQLException(DbException.java:678)
[22:11:49] [Server thread/WARN]: 	at AxQuestBoard-1.14.2.jar//org.h2.message.DbException.getJdbcSQLException(DbException.java:477)
[22:11:49] [Server thread/WARN]: 	at AxQuestBoard-1.14.2.jar//org.h2.message.DbException.get(DbException.java:223)
[22:11:49] [Server thread/WARN]: 	at AxQuestBoard-1.14.2.jar//org.h2.message.DbException.get(DbException.java:199)
[22:11:49] [Server thread/WARN]: 	at AxQuestBoard-1.14.2.jar//org.h2.message.DbException.get(DbException.java:188)
[22:11:49] [Server thread/WARN]: 	at AxQuestBoard-1.14.2.jar//org.h2.jdbc.JdbcConnection.checkClosed(JdbcConnection.java:1375)
[22:11:49] [Server thread/WARN]: 	at AxQuestBoard-1.14.2.jar//org.h2.jdbc.JdbcConnection.prepareStatement(JdbcConnection.java:286)
[22:11:49] [Server thread/WARN]: 	at AxQuestBoard-1.14.2.jar//com.artillexstudios.axquestboard.database.impl.H2.saveQuest(H2.java:179)
[22:11:49] [Server thread/WARN]: 	at AxQuestBoard-1.14.2.jar//com.artillexstudios.axquestboard.AxQuestBoard.lambda$disable$0(AxQuestBoard.java:132)
[22:11:49] [Server thread/WARN]: 	at java.base/java.util.HashMap$Values.forEach(HashMap.java:1073)
[22:11:49] [Server thread/WARN]: 	at AxQuestBoard-1.14.2.jar//com.artillexstudios.axquestboard.AxQuestBoard.disable(AxQuestBoard.java:130)
[22:11:49] [Server thread/WARN]: 	at AxQuestBoard-1.14.2.jar//com.artillexstudios.axquestboard.libs.axapi.AxPlugin.onDisable(AxPlugin.java:212)
[22:11:49] [Server thread/WARN]: 	at org.bukkit.plugin.java.JavaPlugin.setEnabled(JavaPlugin.java:286)
[22:11:49] [Server thread/WARN]: 	at io.papermc.paper.plugin.manager.PaperPluginInstanceManager.disablePlugin(PaperPluginInstanceManager.java:237)
[22:11:49] [Server thread/WARN]: 	at io.papermc.paper.plugin.manager.PaperPluginInstanceManager.disablePlugins(PaperPluginInstanceManager.java:161)
[22:11:49] [Server thread/WARN]: 	at io.papermc.paper.plugin.manager.PaperPluginManagerImpl.disablePlugins(PaperPluginManagerImpl.java:97)
[22:11:49] [Server thread/WARN]: 	at org.bukkit.plugin.SimplePluginManager.disablePlugins(SimplePluginManager.java:541)
[22:11:49] [Server thread/WARN]: 	at org.bukkit.craftbukkit.CraftServer.disablePlugins(CraftServer.java:627)
[22:11:49] [Server thread/WARN]: 	at net.minecraft.server.MinecraftServer.stopServer(MinecraftServer.java:1008)
[22:11:49] [Server thread/WARN]: 	at net.minecraft.server.dedicated.DedicatedServer.stopServer(DedicatedServer.java:761)
[22:11:49] [Server thread/WARN]: 	at net.minecraft.server.MinecraftServer.runServer(MinecraftServer.java:1301)
[22:11:49] [Server thread/WARN]: 	at net.minecraft.server.MinecraftServer.lambda$spin$2(MinecraftServer.java:311)
[22:11:49] [Server thread/WARN]: 	at java.base/java.lang.Thread.run(Thread.java:1583)
[22:11:49] [Server thread/WARN]: org.h2.jdbc.JdbcSQLNonTransientConnectionException: Database is already closed (to disable automatic closing at VM shutdown, add ";DB_CLOSE_ON_EXIT=FALSE" to the db URL) [90121-214]
[22:11:49] [Server thread/WARN]: 	at AxQuestBoard-1.14.2.jar//org.h2.message.DbException.getJdbcSQLException(DbException.java:678)
[22:11:49] [Server thread/WARN]: 	at AxQuestBoard-1.14.2.jar//org.h2.message.DbException.getJdbcSQLException(DbException.java:477)
[22:11:49] [Server thread/WARN]: 	at AxQuestBoard-1.14.2.jar//org.h2.message.DbException.get(DbException.java:223)
[22:11:49] [Server thread/WARN]: 	at AxQuestBoard-1.14.2.jar//org.h2.message.DbException.get(DbException.java:199)
[22:11:49] [Server thread/WARN]: 	at AxQuestBoard-1.14.2.jar//org.h2.message.DbException.get(DbException.java:188)
[22:11:49] [Server thread/WARN]: 	at AxQuestBoard-1.14.2.jar//org.h2.jdbc.JdbcConnection.checkClosed(JdbcConnection.java:1375)
[22:11:49] [Server thread/WARN]: 	at AxQuestBoard-1.14.2.jar//org.h2.jdbc.JdbcConnection.prepareStatement(JdbcConnection.java:286)
[22:11:49] [Server thread/WARN]: 	at AxQuestBoard-1.14.2.jar//com.artillexstudios.axquestboard.database.impl.H2.saveScores(H2.java:194)
[22:11:49] [Server thread/WARN]: 	at AxQuestBoard-1.14.2.jar//com.artillexstudios.axquestboard.AxQuestBoard.lambda$disable$0(AxQuestBoard.java:131)
[22:11:49] [Server thread/WARN]: 	at java.base/java.util.HashMap$Values.forEach(HashMap.java:1073)
[22:11:49] [Server thread/WARN]: 	at AxQuestBoard-1.14.2.jar//com.artillexstudios.axquestboard.AxQuestBoard.disable(AxQuestBoard.java:130)
[22:11:49] [Server thread/WARN]: 	at AxQuestBoard-1.14.2.jar//com.artillexstudios.axquestboard.libs.axapi.AxPlugin.onDisable(AxPlugin.java:212)
[22:11:49] [Server thread/WARN]: 	at org.bukkit.plugin.java.JavaPlugin.setEnabled(JavaPlugin.java:286)
[22:11:49] [Server thread/WARN]: 	at io.papermc.paper.plugin.manager.PaperPluginInstanceManager.disablePlugin(PaperPluginInstanceManager.java:237)
[22:11:49] [Server thread/WARN]: 	at io.papermc.paper.plugin.manager.PaperPluginInstanceManager.disablePlugins(PaperPluginInstanceManager.java:161)
[22:11:49] [Server thread/WARN]: 	at io.papermc.paper.plugin.manager.PaperPluginManagerImpl.disablePlugins(PaperPluginManagerImpl.java:97)
[22:11:49] [Server thread/WARN]: 	at org.bukkit.plugin.SimplePluginManager.disablePlugins(SimplePluginManager.java:541)
[22:11:49] [Server thread/WARN]: 	at org.bukkit.craftbukkit.CraftServer.disablePlugins(CraftServer.java:627)
[22:11:49] [Server thread/WARN]: 	at net.minecraft.server.MinecraftServer.stopServer(MinecraftServer.java:1008)
[22:11:49] [Server thread/WARN]: 	at net.minecraft.server.dedicated.DedicatedServer.stopServer(DedicatedServer.java:761)
[22:11:49] [Server thread/WARN]: 	at net.minecraft.server.MinecraftServer.runServer(MinecraftServer.java:1301)
[22:11:49] [Server thread/WARN]: 	at net.minecraft.server.MinecraftServer.lambda$spin$2(MinecraftServer.java:311)
[22:11:49] [Server thread/WARN]: 	at java.base/java.lang.Thread.run(Thread.java:1583)
[22:11:49] [Server thread/WARN]: org.h2.jdbc.JdbcSQLNonTransientConnectionException: Database is already closed (to disable automatic closing at VM shutdown, add ";DB_CLOSE_ON_EXIT=FALSE" to the db URL) [90121-214]
[22:11:49] [Server thread/WARN]: 	at AxQuestBoard-1.14.2.jar//org.h2.message.DbException.getJdbcSQLException(DbException.java:678)
[22:11:49] [Server thread/WARN]: 	at AxQuestBoard-1.14.2.jar//org.h2.message.DbException.getJdbcSQLException(DbException.java:477)
[22:11:49] [Server thread/WARN]: 	at AxQuestBoard-1.14.2.jar//org.h2.message.DbException.get(DbException.java:223)
[22:11:49] [Server thread/WARN]: 	at AxQuestBoard-1.14.2.jar//org.h2.message.DbException.get(DbException.java:199)
[22:11:49] [Server thread/WARN]: 	at AxQuestBoard-1.14.2.jar//org.h2.message.DbException.get(DbException.java:188)
[22:11:49] [Server thread/WARN]: 	at AxQuestBoard-1.14.2.jar//org.h2.jdbc.JdbcConnection.checkClosed(JdbcConnection.java:1375)
[22:11:49] [Server thread/WARN]: 	at AxQuestBoard-1.14.2.jar//org.h2.jdbc.JdbcConnection.prepareStatement(JdbcConnection.java:286)
[22:11:49] [Server thread/WARN]: 	at AxQuestBoard-1.14.2.jar//com.artillexstudios.axquestboard.database.impl.H2.saveQuest(H2.java:179)
[22:11:49] [Server thread/WARN]: 	at AxQuestBoard-1.14.2.jar//com.artillexstudios.axquestboard.AxQuestBoard.lambda$disable$0(AxQuestBoard.java:132)
[22:11:49] [Server thread/WARN]: 	at java.base/java.util.HashMap$Values.forEach(HashMap.java:1073)
[22:11:49] [Server thread/WARN]: 	at AxQuestBoard-1.14.2.jar//com.artillexstudios.axquestboard.AxQuestBoard.disable(AxQuestBoard.java:130)
[22:11:49] [Server thread/WARN]: 	at AxQuestBoard-1.14.2.jar//com.artillexstudios.axquestboard.libs.axapi.AxPlugin.onDisable(AxPlugin.java:212)
[22:11:49] [Server thread/WARN]: 	at org.bukkit.plugin.java.JavaPlugin.setEnabled(JavaPlugin.java:286)
[22:11:49] [Server thread/WARN]: 	at io.papermc.paper.plugin.manager.PaperPluginInstanceManager.disablePlugin(PaperPluginInstanceManager.java:237)
[22:11:49] [Server thread/WARN]: 	at io.papermc.paper.plugin.manager.PaperPluginInstanceManager.disablePlugins(PaperPluginInstanceManager.java:161)
[22:11:49] [Server thread/WARN]: 	at io.papermc.paper.plugin.manager.PaperPluginManagerImpl.disablePlugins(PaperPluginManagerImpl.java:97)
[22:11:49] [Server thread/WARN]: 	at org.bukkit.plugin.SimplePluginManager.disablePlugins(SimplePluginManager.java:541)
[22:11:49] [Server thread/WARN]: 	at org.bukkit.craftbukkit.CraftServer.disablePlugins(CraftServer.java:627)
[22:11:49] [Server thread/WARN]: 	at net.minecraft.server.MinecraftServer.stopServer(MinecraftServer.java:1008)
[22:11:49] [Server thread/WARN]: 	at net.minecraft.server.dedicated.DedicatedServer.stopServer(DedicatedServer.java:761)
[22:11:49] [Server thread/WARN]: 	at net.minecraft.server.MinecraftServer.runServer(MinecraftServer.java:1301)
[22:11:49] [Server thread/WARN]: 	at net.minecraft.server.MinecraftServer.lambda$spin$2(MinecraftServer.java:311)
[22:11:49] [Server thread/WARN]: 	at java.base/java.lang.Thread.run(Thread.java:1583)
[22:11:49] [Server thread/WARN]: org.h2.jdbc.JdbcSQLNonTransientConnectionException: Database is already closed (to disable automatic closing at VM shutdown, add ";DB_CLOSE_ON_EXIT=FALSE" to the db URL) [90121-214]
[22:11:49] [Server thread/WARN]: 	at AxQuestBoard-1.14.2.jar//org.h2.message.DbException.getJdbcSQLException(DbException.java:678)
[22:11:49] [Server thread/WARN]: 	at AxQuestBoard-1.14.2.jar//org.h2.message.DbException.getJdbcSQLException(DbException.java:477)
[22:11:49] [Server thread/WARN]: 	at AxQuestBoard-1.14.2.jar//org.h2.message.DbException.get(DbException.java:223)
[22:11:49] [Server thread/WARN]: 	at AxQuestBoard-1.14.2.jar//org.h2.message.DbException.get(DbException.java:199)
[22:11:49] [Server thread/WARN]: 	at AxQuestBoard-1.14.2.jar//org.h2.message.DbException.get(DbException.java:188)
[22:11:49] [Server thread/WARN]: 	at AxQuestBoard-1.14.2.jar//org.h2.jdbc.JdbcConnection.checkClosed(JdbcConnection.java:1375)
[22:11:49] [Server thread/WARN]: 	at AxQuestBoard-1.14.2.jar//org.h2.jdbc.JdbcConnection.prepareStatement(JdbcConnection.java:286)
[22:11:49] [Server thread/WARN]: 	at AxQuestBoard-1.14.2.jar//com.artillexstudios.axquestboard.database.impl.H2.saveScores(H2.java:194)
[22:11:49] [Server thread/WARN]: 	at AxQuestBoard-1.14.2.jar//com.artillexstudios.axquestboard.AxQuestBoard.lambda$disable$0(AxQuestBoard.java:131)
[22:11:49] [Server thread/WARN]: 	at java.base/java.util.HashMap$Values.forEach(HashMap.java:1073)
[22:11:49] [Server thread/WARN]: 	at AxQuestBoard-1.14.2.jar//com.artillexstudios.axquestboard.AxQuestBoard.disable(AxQuestBoard.java:130)
[22:11:49] [Server thread/WARN]: 	at AxQuestBoard-1.14.2.jar//com.artillexstudios.axquestboard.libs.axapi.AxPlugin.onDisable(AxPlugin.java:212)
[22:11:49] [Server thread/WARN]: 	at org.bukkit.plugin.java.JavaPlugin.setEnabled(JavaPlugin.java:286)
[22:11:49] [Server thread/WARN]: 	at io.papermc.paper.plugin.manager.PaperPluginInstanceManager.disablePlugin(PaperPluginInstanceManager.java:237)
[22:11:49] [Server thread/WARN]: 	at io.papermc.paper.plugin.manager.PaperPluginInstanceManager.disablePlugins(PaperPluginInstanceManager.java:161)
[22:11:49] [Server thread/WARN]: 	at io.papermc.paper.plugin.manager.PaperPluginManagerImpl.disablePlugins(PaperPluginManagerImpl.java:97)
[22:11:49] [Server thread/WARN]: 	at org.bukkit.plugin.SimplePluginManager.disablePlugins(SimplePluginManager.java:541)
[22:11:49] [Server thread/WARN]: 	at org.bukkit.craftbukkit.CraftServer.disablePlugins(CraftServer.java:627)
[22:11:49] [Server thread/WARN]: 	at net.minecraft.server.MinecraftServer.stopServer(MinecraftServer.java:1008)
[22:11:49] [Server thread/WARN]: 	at net.minecraft.server.dedicated.DedicatedServer.stopServer(DedicatedServer.java:761)
[22:11:49] [Server thread/WARN]: 	at net.minecraft.server.MinecraftServer.runServer(MinecraftServer.java:1301)
[22:11:49] [Server thread/WARN]: 	at net.minecraft.server.MinecraftServer.lambda$spin$2(MinecraftServer.java:311)
[22:11:49] [Server thread/WARN]: 	at java.base/java.lang.Thread.run(Thread.java:1583)
[22:11:49] [Server thread/WARN]: org.h2.jdbc.JdbcSQLNonTransientConnectionException: Database is already closed (to disable automatic closing at VM shutdown, add ";DB_CLOSE_ON_EXIT=FALSE" to the db URL) [90121-214]
[22:11:49] [Server thread/WARN]: 	at AxQuestBoard-1.14.2.jar//org.h2.message.DbException.getJdbcSQLException(DbException.java:678)
[22:11:49] [Server thread/WARN]: 	at AxQuestBoard-1.14.2.jar//org.h2.message.DbException.getJdbcSQLException(DbException.java:477)
[22:11:49] [Server thread/WARN]: 	at AxQuestBoard-1.14.2.jar//org.h2.message.DbException.get(DbException.java:223)
[22:11:49] [Server thread/WARN]: 	at AxQuestBoard-1.14.2.jar//org.h2.message.DbException.get(DbException.java:199)
[22:11:49] [Server thread/WARN]: 	at AxQuestBoard-1.14.2.jar//org.h2.message.DbException.get(DbException.java:188)
[22:11:49] [Server thread/WARN]: 	at AxQuestBoard-1.14.2.jar//org.h2.jdbc.JdbcConnection.checkClosed(JdbcConnection.java:1375)
[22:11:49] [Server thread/WARN]: 	at AxQuestBoard-1.14.2.jar//org.h2.jdbc.JdbcConnection.prepareStatement(JdbcConnection.java:286)
[22:11:49] [Server thread/WARN]: 	at AxQuestBoard-1.14.2.jar//com.artillexstudios.axquestboard.database.impl.H2.saveScores(H2.java:206)
[22:11:49] [Server thread/WARN]: 	at AxQuestBoard-1.14.2.jar//com.artillexstudios.axquestboard.AxQuestBoard.lambda$disable$0(AxQuestBoard.java:131)
[22:11:49] [Server thread/WARN]: 	at java.base/java.util.HashMap$Values.forEach(HashMap.java:1073)
[22:11:49] [Server thread/WARN]: 	at AxQuestBoard-1.14.2.jar//com.artillexstudios.axquestboard.AxQuestBoard.disable(AxQuestBoard.java:130)
[22:11:49] [Server thread/WARN]: 	at AxQuestBoard-1.14.2.jar//com.artillexstudios.axquestboard.libs.axapi.AxPlugin.onDisable(AxPlugin.java:212)
[22:11:49] [Server thread/WARN]: 	at org.bukkit.plugin.java.JavaPlugin.setEnabled(JavaPlugin.java:286)
[22:11:49] [Server thread/WARN]: 	at io.papermc.paper.plugin.manager.PaperPluginInstanceManager.disablePlugin(PaperPluginInstanceManager.java:237)
[22:11:49] [Server thread/WARN]: 	at io.papermc.paper.plugin.manager.PaperPluginInstanceManager.disablePlugins(PaperPluginInstanceManager.java:161)
[22:11:49] [Server thread/WARN]: 	at io.papermc.paper.plugin.manager.PaperPluginManagerImpl.disablePlugins(PaperPluginManagerImpl.java:97)
[22:11:49] [Server thread/WARN]: 	at org.bukkit.plugin.SimplePluginManager.disablePlugins(SimplePluginManager.java:541)
[22:11:49] [Server thread/WARN]: 	at org.bukkit.craftbukkit.CraftServer.disablePlugins(CraftServer.java:627)
[22:11:49] [Server thread/WARN]: 	at net.minecraft.server.MinecraftServer.stopServer(MinecraftServer.java:1008)
[22:11:49] [Server thread/WARN]: 	at net.minecraft.server.dedicated.DedicatedServer.stopServer(DedicatedServer.java:761)
[22:11:49] [Server thread/WARN]: 	at net.minecraft.server.MinecraftServer.runServer(MinecraftServer.java:1301)
[22:11:49] [Server thread/WARN]: 	at net.minecraft.server.MinecraftServer.lambda$spin$2(MinecraftServer.java:311)
[22:11:49] [Server thread/WARN]: 	at java.base/java.lang.Thread.run(Thread.java:1583)
[22:11:49] [Server thread/WARN]: org.h2.jdbc.JdbcSQLNonTransientConnectionException: Database is already closed (to disable automatic closing at VM shutdown, add ";DB_CLOSE_ON_EXIT=FALSE" to the db URL) [90121-214]
[22:11:49] [Server thread/WARN]: 	at AxQuestBoard-1.14.2.jar//org.h2.message.DbException.getJdbcSQLException(DbException.java:678)
[22:11:49] [Server thread/WARN]: 	at AxQuestBoard-1.14.2.jar//org.h2.message.DbException.getJdbcSQLException(DbException.java:477)
[22:11:49] [Server thread/WARN]: 	at AxQuestBoard-1.14.2.jar//org.h2.message.DbException.get(DbException.java:223)
[22:11:49] [Server thread/WARN]: 	at AxQuestBoard-1.14.2.jar//org.h2.message.DbException.get(DbException.java:199)
[22:11:49] [Server thread/WARN]: 	at AxQuestBoard-1.14.2.jar//org.h2.message.DbException.get(DbException.java:188)
[22:11:49] [Server thread/WARN]: 	at AxQuestBoard-1.14.2.jar//org.h2.jdbc.JdbcConnection.checkClosed(JdbcConnection.java:1375)
[22:11:49] [Server thread/WARN]: 	at AxQuestBoard-1.14.2.jar//org.h2.jdbc.JdbcConnection.prepareStatement(JdbcConnection.java:286)
[22:11:49] [Server thread/WARN]: 	at AxQuestBoard-1.14.2.jar//com.artillexstudios.axquestboard.database.impl.H2.saveQuest(H2.java:179)
[22:11:49] [Server thread/WARN]: 	at AxQuestBoard-1.14.2.jar//com.artillexstudios.axquestboard.AxQuestBoard.lambda$disable$0(AxQuestBoard.java:132)
[22:11:49] [Server thread/WARN]: 	at java.base/java.util.HashMap$Values.forEach(HashMap.java:1073)
[22:11:49] [Server thread/WARN]: 	at AxQuestBoard-1.14.2.jar//com.artillexstudios.axquestboard.AxQuestBoard.disable(AxQuestBoard.java:130)
[22:11:49] [Server thread/WARN]: 	at AxQuestBoard-1.14.2.jar//com.artillexstudios.axquestboard.libs.axapi.AxPlugin.onDisable(AxPlugin.java:212)
[22:11:49] [Server thread/WARN]: 	at org.bukkit.plugin.java.JavaPlugin.setEnabled(JavaPlugin.java:286)
[22:11:49] [Server thread/WARN]: 	at io.papermc.paper.plugin.manager.PaperPluginInstanceManager.disablePlugin(PaperPluginInstanceManager.java:237)
[22:11:49] [Server thread/WARN]: 	at io.papermc.paper.plugin.manager.PaperPluginInstanceManager.disablePlugins(PaperPluginInstanceManager.java:161)
[22:11:49] [Server thread/WARN]: 	at io.papermc.paper.plugin.manager.PaperPluginManagerImpl.disablePlugins(PaperPluginManagerImpl.java:97)
[22:11:49] [Server thread/WARN]: 	at org.bukkit.plugin.SimplePluginManager.disablePlugins(SimplePluginManager.java:541)
[22:11:49] [Server thread/WARN]: 	at org.bukkit.craftbukkit.CraftServer.disablePlugins(CraftServer.java:627)
[22:11:49] [Server thread/WARN]: 	at net.minecraft.server.MinecraftServer.stopServer(MinecraftServer.java:1008)
[22:11:49] [Server thread/WARN]: 	at net.minecraft.server.dedicated.DedicatedServer.stopServer(DedicatedServer.java:761)
[22:11:49] [Server thread/WARN]: 	at net.minecraft.server.MinecraftServer.runServer(MinecraftServer.java:1301)
[22:11:49] [Server thread/WARN]: 	at net.minecraft.server.MinecraftServer.lambda$spin$2(MinecraftServer.java:311)
[22:11:49] [Server thread/WARN]: 	at java.base/java.lang.Thread.run(Thread.java:1583)
[22:11:49] [Server thread/WARN]: org.h2.jdbc.JdbcSQLNonTransientConnectionException: Database is already closed (to disable automatic closing at VM shutdown, add ";DB_CLOSE_ON_EXIT=FALSE" to the db URL) [90121-214]
[22:11:49] [Server thread/WARN]: 	at AxQuestBoard-1.14.2.jar//org.h2.message.DbException.getJdbcSQLException(DbException.java:678)
[22:11:49] [Server thread/WARN]: 	at AxQuestBoard-1.14.2.jar//org.h2.message.DbException.getJdbcSQLException(DbException.java:477)
[22:11:49] [Server thread/WARN]: 	at AxQuestBoard-1.14.2.jar//org.h2.message.DbException.get(DbException.java:223)
[22:11:49] [Server thread/WARN]: 	at AxQuestBoard-1.14.2.jar//org.h2.message.DbException.get(DbException.java:199)
[22:11:49] [Server thread/WARN]: 	at AxQuestBoard-1.14.2.jar//org.h2.message.DbException.get(DbException.java:188)
[22:11:49] [Server thread/WARN]: 	at AxQuestBoard-1.14.2.jar//org.h2.jdbc.JdbcConnection.checkClosed(JdbcConnection.java:1375)
[22:11:49] [Server thread/WARN]: 	at AxQuestBoard-1.14.2.jar//org.h2.jdbc.JdbcConnection.prepareStatement(JdbcConnection.java:286)
[22:11:49] [Server thread/WARN]: 	at AxQuestBoard-1.14.2.jar//com.artillexstudios.axquestboard.database.impl.H2.saveScores(H2.java:194)
[22:11:49] [Server thread/WARN]: 	at AxQuestBoard-1.14.2.jar//com.artillexstudios.axquestboard.AxQuestBoard.lambda$disable$0(AxQuestBoard.java:131)
[22:11:49] [Server thread/WARN]: 	at java.base/java.util.HashMap$Values.forEach(HashMap.java:1073)
[22:11:49] [Server thread/WARN]: 	at AxQuestBoard-1.14.2.jar//com.artillexstudios.axquestboard.AxQuestBoard.disable(AxQuestBoard.java:130)
[22:11:49] [Server thread/WARN]: 	at AxQuestBoard-1.14.2.jar//com.artillexstudios.axquestboard.libs.axapi.AxPlugin.onDisable(AxPlugin.java:212)
[22:11:49] [Server thread/WARN]: 	at org.bukkit.plugin.java.JavaPlugin.setEnabled(JavaPlugin.java:286)
[22:11:49] [Server thread/WARN]: 	at io.papermc.paper.plugin.manager.PaperPluginInstanceManager.disablePlugin(PaperPluginInstanceManager.java:237)
[22:11:49] [Server thread/WARN]: 	at io.papermc.paper.plugin.manager.PaperPluginInstanceManager.disablePlugins(PaperPluginInstanceManager.java:161)
[22:11:49] [Server thread/WARN]: 	at io.papermc.paper.plugin.manager.PaperPluginManagerImpl.disablePlugins(PaperPluginManagerImpl.java:97)
[22:11:49] [Server thread/WARN]: 	at org.bukkit.plugin.SimplePluginManager.disablePlugins(SimplePluginManager.java:541)
[22:11:49] [Server thread/WARN]: 	at org.bukkit.craftbukkit.CraftServer.disablePlugins(CraftServer.java:627)
[22:11:49] [Server thread/WARN]: 	at net.minecraft.server.MinecraftServer.stopServer(MinecraftServer.java:1008)
[22:11:49] [Server thread/WARN]: 	at net.minecraft.server.dedicated.DedicatedServer.stopServer(DedicatedServer.java:761)
[22:11:49] [Server thread/WARN]: 	at net.minecraft.server.MinecraftServer.runServer(MinecraftServer.java:1301)
[22:11:49] [Server thread/WARN]: 	at net.minecraft.server.MinecraftServer.lambda$spin$2(MinecraftServer.java:311)
[22:11:49] [Server thread/WARN]: 	at java.base/java.lang.Thread.run(Thread.java:1583)
[22:11:49] [Server thread/WARN]: org.h2.jdbc.JdbcSQLNonTransientConnectionException: Database is already closed (to disable automatic closing at VM shutdown, add ";DB_CLOSE_ON_EXIT=FALSE" to the db URL) [90121-214]
[22:11:49] [Server thread/WARN]: 	at AxQuestBoard-1.14.2.jar//org.h2.message.DbException.getJdbcSQLException(DbException.java:678)
[22:11:49] [Server thread/WARN]: 	at AxQuestBoard-1.14.2.jar//org.h2.message.DbException.getJdbcSQLException(DbException.java:477)
[22:11:49] [Server thread/WARN]: 	at AxQuestBoard-1.14.2.jar//org.h2.message.DbException.get(DbException.java:223)
[22:11:49] [Server thread/WARN]: 	at AxQuestBoard-1.14.2.jar//org.h2.message.DbException.get(DbException.java:199)
[22:11:49] [Server thread/WARN]: 	at AxQuestBoard-1.14.2.jar//org.h2.message.DbException.get(DbException.java:188)
[22:11:49] [Server thread/WARN]: 	at AxQuestBoard-1.14.2.jar//org.h2.jdbc.JdbcConnection.checkClosed(JdbcConnection.java:1375)
[22:11:49] [Server thread/WARN]: 	at AxQuestBoard-1.14.2.jar//org.h2.jdbc.JdbcConnection.prepareStatement(JdbcConnection.java:286)
[22:11:49] [Server thread/WARN]: 	at AxQuestBoard-1.14.2.jar//com.artillexstudios.axquestboard.database.impl.H2.saveQuest(H2.java:179)
[22:11:49] [Server thread/WARN]: 	at AxQuestBoard-1.14.2.jar//com.artillexstudios.axquestboard.AxQuestBoard.lambda$disable$0(AxQuestBoard.java:132)
[22:11:49] [Server thread/WARN]: 	at java.base/java.util.HashMap$Values.forEach(HashMap.java:1073)
[22:11:49] [Server thread/WARN]: 	at AxQuestBoard-1.14.2.jar//com.artillexstudios.axquestboard.AxQuestBoard.disable(AxQuestBoard.java:130)
[22:11:49] [Server thread/WARN]: 	at AxQuestBoard-1.14.2.jar//com.artillexstudios.axquestboard.libs.axapi.AxPlugin.onDisable(AxPlugin.java:212)
[22:11:49] [Server thread/WARN]: 	at org.bukkit.plugin.java.JavaPlugin.setEnabled(JavaPlugin.java:286)
[22:11:49] [Server thread/WARN]: 	at io.papermc.paper.plugin.manager.PaperPluginInstanceManager.disablePlugin(PaperPluginInstanceManager.java:237)
[22:11:49] [Server thread/WARN]: 	at io.papermc.paper.plugin.manager.PaperPluginInstanceManager.disablePlugins(PaperPluginInstanceManager.java:161)
[22:11:49] [Server thread/WARN]: 	at io.papermc.paper.plugin.manager.PaperPluginManagerImpl.disablePlugins(PaperPluginManagerImpl.java:97)
[22:11:49] [Server thread/WARN]: 	at org.bukkit.plugin.SimplePluginManager.disablePlugins(SimplePluginManager.java:541)
[22:11:49] [Server thread/WARN]: 	at org.bukkit.craftbukkit.CraftServer.disablePlugins(CraftServer.java:627)
[22:11:49] [Server thread/WARN]: 	at net.minecraft.server.MinecraftServer.stopServer(MinecraftServer.java:1008)
[22:11:49] [Server thread/WARN]: 	at net.minecraft.server.dedicated.DedicatedServer.stopServer(DedicatedServer.java:761)
[22:11:49] [Server thread/WARN]: 	at net.minecraft.server.MinecraftServer.runServer(MinecraftServer.java:1301)
[22:11:49] [Server thread/WARN]: 	at net.minecraft.server.MinecraftServer.lambda$spin$2(MinecraftServer.java:311)
[22:11:49] [Server thread/WARN]: 	at java.base/java.lang.Thread.run(Thread.java:1583)
[22:11:49] [Server thread/WARN]: org.h2.jdbc.JdbcSQLNonTransientConnectionException: Database is already closed (to disable automatic closing at VM shutdown, add ";DB_CLOSE_ON_EXIT=FALSE" to the db URL) [90121-214]
[22:11:49] [Server thread/WARN]: 	at AxQuestBoard-1.14.2.jar//org.h2.message.DbException.getJdbcSQLException(DbException.java:678)
[22:11:49] [Server thread/WARN]: 	at AxQuestBoard-1.14.2.jar//org.h2.message.DbException.getJdbcSQLException(DbException.java:477)
[22:11:49] [Server thread/WARN]: 	at AxQuestBoard-1.14.2.jar//org.h2.message.DbException.get(DbException.java:223)
[22:11:49] [Server thread/WARN]: 	at AxQuestBoard-1.14.2.jar//org.h2.message.DbException.get(DbException.java:199)
[22:11:49] [Server thread/WARN]: 	at AxQuestBoard-1.14.2.jar//org.h2.message.DbException.get(DbException.java:188)
[22:11:49] [Server thread/WARN]: 	at AxQuestBoard-1.14.2.jar//org.h2.jdbc.JdbcConnection.checkClosed(JdbcConnection.java:1375)
[22:11:49] [Server thread/WARN]: 	at AxQuestBoard-1.14.2.jar//org.h2.jdbc.JdbcConnection.prepareStatement(JdbcConnection.java:286)
[22:11:49] [Server thread/WARN]: 	at AxQuestBoard-1.14.2.jar//com.artillexstudios.axquestboard.database.impl.H2.saveScores(H2.java:194)
[22:11:49] [Server thread/WARN]: 	at AxQuestBoard-1.14.2.jar//com.artillexstudios.axquestboard.AxQuestBoard.lambda$disable$0(AxQuestBoard.java:131)
[22:11:49] [Server thread/WARN]: 	at java.base/java.util.HashMap$Values.forEach(HashMap.java:1073)
[22:11:49] [Server thread/WARN]: 	at AxQuestBoard-1.14.2.jar//com.artillexstudios.axquestboard.AxQuestBoard.disable(AxQuestBoard.java:130)
[22:11:49] [Server thread/WARN]: 	at AxQuestBoard-1.14.2.jar//com.artillexstudios.axquestboard.libs.axapi.AxPlugin.onDisable(AxPlugin.java:212)
[22:11:49] [Server thread/WARN]: 	at org.bukkit.plugin.java.JavaPlugin.setEnabled(JavaPlugin.java:286)
[22:11:49] [Server thread/WARN]: 	at io.papermc.paper.plugin.manager.PaperPluginInstanceManager.disablePlugin(PaperPluginInstanceManager.java:237)
[22:11:49] [Server thread/WARN]: 	at io.papermc.paper.plugin.manager.PaperPluginInstanceManager.disablePlugins(PaperPluginInstanceManager.java:161)
[22:11:49] [Server thread/WARN]: 	at io.papermc.paper.plugin.manager.PaperPluginManagerImpl.disablePlugins(PaperPluginManagerImpl.java:97)
[22:11:49] [Server thread/WARN]: 	at org.bukkit.plugin.SimplePluginManager.disablePlugins(SimplePluginManager.java:541)
[22:11:49] [Server thread/WARN]: 	at org.bukkit.craftbukkit.CraftServer.disablePlugins(CraftServer.java:627)
[22:11:49] [Server thread/WARN]: 	at net.minecraft.server.MinecraftServer.stopServer(MinecraftServer.java:1008)
[22:11:49] [Server thread/WARN]: 	at net.minecraft.server.dedicated.DedicatedServer.stopServer(DedicatedServer.java:761)
[22:11:49] [Server thread/WARN]: 	at net.minecraft.server.MinecraftServer.runServer(MinecraftServer.java:1301)
[22:11:49] [Server thread/WARN]: 	at net.minecraft.server.MinecraftServer.lambda$spin$2(MinecraftServer.java:311)
[22:11:49] [Server thread/WARN]: 	at java.base/java.lang.Thread.run(Thread.java:1583)
[22:11:49] [Server thread/WARN]: org.h2.jdbc.JdbcSQLNonTransientConnectionException: Database is already closed (to disable automatic closing at VM shutdown, add ";DB_CLOSE_ON_EXIT=FALSE" to the db URL) [90121-214]
[22:11:49] [Server thread/WARN]: 	at AxQuestBoard-1.14.2.jar//org.h2.message.DbException.getJdbcSQLException(DbException.java:678)
[22:11:49] [Server thread/WARN]: 	at AxQuestBoard-1.14.2.jar//org.h2.message.DbException.getJdbcSQLException(DbException.java:477)
[22:11:49] [Server thread/WARN]: 	at AxQuestBoard-1.14.2.jar//org.h2.message.DbException.get(DbException.java:223)
[22:11:49] [Server thread/WARN]: 	at AxQuestBoard-1.14.2.jar//org.h2.message.DbException.get(DbException.java:199)
[22:11:49] [Server thread/WARN]: 	at AxQuestBoard-1.14.2.jar//org.h2.message.DbException.get(DbException.java:188)
[22:11:49] [Server thread/WARN]: 	at AxQuestBoard-1.14.2.jar//org.h2.jdbc.JdbcConnection.checkClosed(JdbcConnection.java:1375)
[22:11:49] [Server thread/WARN]: 	at AxQuestBoard-1.14.2.jar//org.h2.jdbc.JdbcConnection.prepareStatement(JdbcConnection.java:286)
[22:11:49] [Server thread/WARN]: 	at AxQuestBoard-1.14.2.jar//com.artillexstudios.axquestboard.database.impl.H2.saveQuest(H2.java:179)
[22:11:49] [Server thread/WARN]: 	at AxQuestBoard-1.14.2.jar//com.artillexstudios.axquestboard.AxQuestBoard.lambda$disable$0(AxQuestBoard.java:132)
[22:11:49] [Server thread/WARN]: 	at java.base/java.util.HashMap$Values.forEach(HashMap.java:1073)
[22:11:49] [Server thread/WARN]: 	at AxQuestBoard-1.14.2.jar//com.artillexstudios.axquestboard.AxQuestBoard.disable(AxQuestBoard.java:130)
[22:11:49] [Server thread/WARN]: 	at AxQuestBoard-1.14.2.jar//com.artillexstudios.axquestboard.libs.axapi.AxPlugin.onDisable(AxPlugin.java:212)
[22:11:49] [Server thread/WARN]: 	at org.bukkit.plugin.java.JavaPlugin.setEnabled(JavaPlugin.java:286)
[22:11:49] [Server thread/WARN]: 	at io.papermc.paper.plugin.manager.PaperPluginInstanceManager.disablePlugin(PaperPluginInstanceManager.java:237)
[22:11:49] [Server thread/WARN]: 	at io.papermc.paper.plugin.manager.PaperPluginInstanceManager.disablePlugins(PaperPluginInstanceManager.java:161)
[22:11:49] [Server thread/WARN]: 	at io.papermc.paper.plugin.manager.PaperPluginManagerImpl.disablePlugins(PaperPluginManagerImpl.java:97)
[22:11:49] [Server thread/WARN]: 	at org.bukkit.plugin.SimplePluginManager.disablePlugins(SimplePluginManager.java:541)
[22:11:49] [Server thread/WARN]: 	at org.bukkit.craftbukkit.CraftServer.disablePlugins(CraftServer.java:627)
[22:11:49] [Server thread/WARN]: 	at net.minecraft.server.MinecraftServer.stopServer(MinecraftServer.java:1008)
[22:11:49] [Server thread/WARN]: 	at net.minecraft.server.dedicated.DedicatedServer.stopServer(DedicatedServer.java:761)
[22:11:49] [Server thread/WARN]: 	at net.minecraft.server.MinecraftServer.runServer(MinecraftServer.java:1301)
[22:11:49] [Server thread/WARN]: 	at net.minecraft.server.MinecraftServer.lambda$spin$2(MinecraftServer.java:311)
[22:11:49] [Server thread/WARN]: 	at java.base/java.lang.Thread.run(Thread.java:1583)
[22:11:49] [Server thread/INFO]: [EcoJobs] Disabling EcoJobs v3.74.1
[22:11:49] [Server thread/INFO]: [EcoJobs] Cleaning up...
[22:11:49] [Server thread/INFO]: [ShopGUIPlus] Disabling ShopGUIPlus v1.112.0
[22:11:49] [Server thread/INFO]: [HibiscusCommons] Disabling HibiscusCommons v0.8.2
[22:11:49] [Server thread/INFO]: [BetterHud] Disabling BetterHud v1.14.2-SNAPSHOT-441
[22:11:49] [Server thread/INFO]: [BetterHud] Plugin disabled.
[22:11:49] [Server thread/INFO]: [zMenu] Disabling zMenu v1.0.3.7
[22:11:49] [Server thread/INFO]: [zMenu v1.0.3.7] === DISABLE START ===
[22:11:49] [Server thread/INFO]: [zMenu v1.0.3.7] === DISABLE DONE (3ms) ===
[22:11:49] [Server thread/INFO]: [AxKoth] Disabling AxKoth v2.13.3
[22:11:50] [Server thread/INFO]: [eco] Disabling eco v6.76.2
[22:11:50] [Server thread/INFO]: [eco] Saving player data...
[22:11:50] [Server thread/INFO]: [eco] Saved player data! Took 2ms
[22:11:50] [Server thread/INFO]: [eco] Cleaning up...
[22:11:50] [Server thread/INFO]: [Nexo] Disabling Nexo v1.18
[22:11:50] [Server thread/INFO]: Nexo | Unhooking plugin "MythicMobs"
[22:11:50] [Server thread/INFO]: Nexo | Unhooking plugin "ModelEngine"
[22:11:50] [Server thread/INFO]: Nexo | Unhooking plugin "PlaceholderAPI"
[22:11:50] [Server thread/INFO]: Nexo | Unhooking plugin "WorldGuard"
[22:11:50] [Server thread/INFO]: Nexo | Successfully unloaded
[22:11:50] [Server thread/INFO]: [FancyHolograms] Disabling FancyHolograms v2.9.1
[22:11:50] [Server thread/ERROR]: Error occurred while disabling FancyHolograms v2.9.1
java.util.concurrent.RejectedExecutionException: Task java.util.concurrent.FutureTask@14991c2c[Not completed, task = java.util.concurrent.Executors$RunnableAdapter@145d0e43[Wrapped task = de.oliver.fancyanalytics.logger.FancyLogger$$Lambda/0x0000740fe9928a80@37f94b81]] rejected from java.util.concurrent.ThreadPoolExecutor@4c557b03[Terminated, pool size = 0, active threads = 0, queued tasks = 0, completed tasks = 7]
	at java.base/java.util.concurrent.ThreadPoolExecutor$AbortPolicy.rejectedExecution(ThreadPoolExecutor.java:2081) ~[?:?]
	at java.base/java.util.concurrent.ThreadPoolExecutor.reject(ThreadPoolExecutor.java:841) ~[?:?]
	at java.base/java.util.concurrent.ThreadPoolExecutor.execute(ThreadPoolExecutor.java:1376) ~[?:?]
	at java.base/java.util.concurrent.AbstractExecutorService.submit(AbstractExecutorService.java:123) ~[?:?]
	at java.base/java.util.concurrent.Executors$DelegatedExecutorService.submit(Executors.java:785) ~[?:?]
	at FancyHolograms-2.9.1.jar/de.oliver.fancyanalytics.logger.FancyLogger.log(FancyLogger.java:117) ~[FancyHolograms-2.9.1.jar:?]
	at FancyHolograms-2.9.1.jar/de.oliver.fancyanalytics.logger.ExtendedFancyLogger.log(ExtendedFancyLogger.java:60) ~[FancyHolograms-2.9.1.jar:?]
	at FancyHolograms-2.9.1.jar/de.oliver.fancyanalytics.logger.ExtendedFancyLogger.info(ExtendedFancyLogger.java:77) ~[FancyHolograms-2.9.1.jar:?]
	at FancyHolograms-2.9.1.jar/de.oliver.fancyholograms.FancyHolograms.onDisable(FancyHolograms.java:188) ~[FancyHolograms-2.9.1.jar:?]
	at org.bukkit.plugin.java.JavaPlugin.setEnabled(JavaPlugin.java:286) ~[pluto-api-1.21.4-R0.1-SNAPSHOT.jar:?]
	at io.papermc.paper.plugin.manager.PaperPluginInstanceManager.disablePlugin(PaperPluginInstanceManager.java:237) ~[pluto-1.21.4.jar:1.21.4-37-412ab86]
	at io.papermc.paper.plugin.manager.PaperPluginInstanceManager.disablePlugins(PaperPluginInstanceManager.java:161) ~[pluto-1.21.4.jar:1.21.4-37-412ab86]
	at io.papermc.paper.plugin.manager.PaperPluginManagerImpl.disablePlugins(PaperPluginManagerImpl.java:97) ~[pluto-1.21.4.jar:1.21.4-37-412ab86]
	at org.bukkit.plugin.SimplePluginManager.disablePlugins(SimplePluginManager.java:541) ~[pluto-api-1.21.4-R0.1-SNAPSHOT.jar:?]
	at org.bukkit.craftbukkit.CraftServer.disablePlugins(CraftServer.java:627) ~[pluto-1.21.4.jar:1.21.4-37-412ab86]
	at net.minecraft.server.MinecraftServer.stopServer(MinecraftServer.java:1008) ~[pluto-1.21.4.jar:1.21.4-37-412ab86]
	at net.minecraft.server.dedicated.DedicatedServer.stopServer(DedicatedServer.java:761) ~[pluto-1.21.4.jar:1.21.4-37-412ab86]
	at net.minecraft.server.MinecraftServer.runServer(MinecraftServer.java:1301) ~[pluto-1.21.4.jar:1.21.4-37-412ab86]
	at net.minecraft.server.MinecraftServer.lambda$spin$2(MinecraftServer.java:311) ~[pluto-1.21.4.jar:1.21.4-37-412ab86]
	at java.base/java.lang.Thread.run(Thread.java:1583) ~[?:?]
[22:11:50] [Server thread/INFO]: [TAB] Disabling TAB v5.5.0
[22:11:50] [Server thread/INFO]: [TAB] Disabled in 1ms
[22:11:50] [Server thread/INFO]: [MMOItems] Disabling MMOItems v6.10.1-SNAPSHOT
[22:11:50] [Server thread/INFO]: [Vulcan] Disabling Vulcan v2.9.7.12
[22:11:50] [Server thread/INFO]: [ModelEngine] Disabling ModelEngine vR4.0.9
[22:11:50] [Server thread/INFO]: [SkinsRestorer] Disabling SkinsRestorer v15.10.0
[22:11:50] [Server thread/INFO]: [FancyNpcs] Disabling FancyNpcs v2.9.1
[22:11:50] [Server thread/ERROR]: Error occurred while disabling FancyNpcs v2.9.1
java.util.concurrent.RejectedExecutionException: Task java.util.concurrent.FutureTask@1f7d8eea[Not completed, task = java.util.concurrent.Executors$RunnableAdapter@66712cc7[Wrapped task = de.oliver.fancyanalytics.logger.FancyLogger$$Lambda/0x0000740fea6901f8@38e3df52]] rejected from java.util.concurrent.ThreadPoolExecutor@2544a89d[Terminated, pool size = 0, active threads = 0, queued tasks = 0, completed tasks = 2]
	at java.base/java.util.concurrent.ThreadPoolExecutor$AbortPolicy.rejectedExecution(ThreadPoolExecutor.java:2081) ~[?:?]
	at java.base/java.util.concurrent.ThreadPoolExecutor.reject(ThreadPoolExecutor.java:841) ~[?:?]
	at java.base/java.util.concurrent.ThreadPoolExecutor.execute(ThreadPoolExecutor.java:1376) ~[?:?]
	at java.base/java.util.concurrent.AbstractExecutorService.submit(AbstractExecutorService.java:123) ~[?:?]
	at java.base/java.util.concurrent.Executors$DelegatedExecutorService.submit(Executors.java:785) ~[?:?]
	at FancyNpcs-2.9.1.jar/de.oliver.fancyanalytics.logger.FancyLogger.log(FancyLogger.java:117) ~[FancyNpcs-2.9.1.jar:?]
	at FancyNpcs-2.9.1.jar/de.oliver.fancyanalytics.logger.ExtendedFancyLogger.log(ExtendedFancyLogger.java:60) ~[FancyNpcs-2.9.1.jar:?]
	at FancyNpcs-2.9.1.jar/de.oliver.fancyanalytics.logger.ExtendedFancyLogger.info(ExtendedFancyLogger.java:77) ~[FancyNpcs-2.9.1.jar:?]
	at FancyNpcs-2.9.1.jar/de.oliver.fancynpcs.FancyNpcs.onDisable(FancyNpcs.java:348) ~[FancyNpcs-2.9.1.jar:?]
	at org.bukkit.plugin.java.JavaPlugin.setEnabled(JavaPlugin.java:286) ~[pluto-api-1.21.4-R0.1-SNAPSHOT.jar:?]
	at io.papermc.paper.plugin.manager.PaperPluginInstanceManager.disablePlugin(PaperPluginInstanceManager.java:237) ~[pluto-1.21.4.jar:1.21.4-37-412ab86]
	at io.papermc.paper.plugin.manager.PaperPluginInstanceManager.disablePlugins(PaperPluginInstanceManager.java:161) ~[pluto-1.21.4.jar:1.21.4-37-412ab86]
	at io.papermc.paper.plugin.manager.PaperPluginManagerImpl.disablePlugins(PaperPluginManagerImpl.java:97) ~[pluto-1.21.4.jar:1.21.4-37-412ab86]
	at org.bukkit.plugin.SimplePluginManager.disablePlugins(SimplePluginManager.java:541) ~[pluto-api-1.21.4-R0.1-SNAPSHOT.jar:?]
	at org.bukkit.craftbukkit.CraftServer.disablePlugins(CraftServer.java:627) ~[pluto-1.21.4.jar:1.21.4-37-412ab86]
	at net.minecraft.server.MinecraftServer.stopServer(MinecraftServer.java:1008) ~[pluto-1.21.4.jar:1.21.4-37-412ab86]
	at net.minecraft.server.dedicated.DedicatedServer.stopServer(DedicatedServer.java:761) ~[pluto-1.21.4.jar:1.21.4-37-412ab86]
	at net.minecraft.server.MinecraftServer.runServer(MinecraftServer.java:1301) ~[pluto-1.21.4.jar:1.21.4-37-412ab86]
	at net.minecraft.server.MinecraftServer.lambda$spin$2(MinecraftServer.java:311) ~[pluto-1.21.4.jar:1.21.4-37-412ab86]
	at java.base/java.lang.Thread.run(Thread.java:1583) ~[?:?]
[22:11:50] [Server thread/INFO]: [MMOCore] Disabling MMOCore v1.13.1-SNAPSHOT
[22:11:50] [Server thread/INFO]: [GSit] Disabling GSit v3.2.0
[22:11:50] [Server thread/INFO]: [WorldGuard] Unregistering session handler dev.geco.gsit.link.worldguard.RegionFlagHandler
[22:11:50] [Server thread/INFO]: [GSit] The plugin was successfully disabled.
[22:11:50] [Server thread/INFO]: [MythicLib] Disabling MythicLib v1.7.1-SNAPSHOT
[22:11:50] [Server thread/INFO]: [MythicMobs] Disabling MythicMobs v5.11.1-de409cac
[22:11:50] [Server thread/INFO]: [MythicMobs] ------------------------------------------------------------
[22:11:50] [Server thread/INFO]: [MythicMobs] - 
[22:11:50] [Server thread/INFO]: [MythicMobs] - Unloading Mythic...
[22:11:50] [Server thread/INFO]: [MythicMobs] - 
[22:11:50] [Server thread/INFO]: [MythicMobs] ------------------------------------------------------------
[22:11:50] [Server thread/INFO]: [MythicMobs] - Spawners saved and unloaded...
[22:11:50] [Server thread/INFO]: [MythicMobs] - Mobs saved and unloaded...
[22:11:50] [Server thread/INFO]: [MythicMobs] Saving plugin data...
[22:11:50] [Server thread/INFO]: [MythicMobs] ✓Saving Finished
[22:11:50] [Server thread/INFO]: [MythicMobs] - Variables saved...
[22:11:50] [Server thread/INFO]: [MythicMobs] - All active settings have been saved!
[22:11:50] [Server thread/INFO]: [MythicMobs] - Mythic has been unloaded!
[22:11:50] [Server thread/INFO]: [MythicMobs] ------------------------------------------------------------
[22:11:50] [Server thread/INFO]: [MythicMobs] Saving plugin data...
[22:11:50] [Server thread/INFO]: [MythicMobs] ✓Saving Finished
[22:11:50] [Server thread/INFO]: [LibsDisguises] Disabling LibsDisguises v11.0.14
[22:11:50] [Server thread/INFO]: [WorldGuard] Disabling WorldGuard v7.0.13+82fdc65
[22:11:50] [Server thread/INFO]: [WorldGuard] Shutting down executor and cancelling any pending tasks...
[22:11:50] [Server thread/INFO]: [packetevents] Disabling packetevents v2.11.2
[22:11:50] [Server thread/INFO]: [PlaceholderAPI] Disabling PlaceholderAPI v2.11.7
[22:11:50] [Server thread/INFO]: [FastAsyncWorldEdit] Disabling FastAsyncWorldEdit v2.15.0+59372c5
[22:11:50] [Server thread/INFO]: Unregistering com.sk89q.worldedit.bukkit.BukkitServerInterface from WorldEdit
[22:11:50] [Server thread/INFO]: [ProtocolLib] Disabling ProtocolLib v5.4.0
[22:11:50] [Server thread/INFO]: [Blue Slime Core] Disabling BlueSlimeCore v2.9.8.504
[22:11:50] [Server thread/INFO]: [Vault] Disabling Vault v1.7.3-b131
[22:11:50] [Server thread/INFO]: [LuckPerms] Disabling LuckPerms v5.5.17
[22:11:50] [Server thread/INFO]: [LuckPerms] Starting shutdown process...
[22:11:50] [Server thread/INFO]: [LuckPerms] Closing storage...
[22:11:50] [Server thread/INFO]: [LuckPerms] Goodbye!
[22:11:50] [Server thread/INFO]: Saving players
[22:11:50] [Server thread/INFO]: Fazzer lost connection: Server closed
[22:11:50] [Server thread/INFO]: Fazzer left the game
[22:11:50] [Server thread/INFO]: Saving worlds
[22:11:50] [Server thread/INFO]: Saving chunks for level 'ServerLevel[world]'/minecraft:overworld
[22:11:50] [Server thread/INFO]: [ChunkHolderManager] Waiting 60s for chunk system to halt for world 'world'
[22:11:50] [Server thread/INFO]: [ChunkHolderManager] Halted chunk system for world 'world'
[22:11:50] [Server thread/INFO]: [ChunkHolderManager] Saving all chunkholders for world 'world'
[22:11:50] [Server thread/INFO]: [ChunkHolderManager] Saved 0 block chunks, 0 entity chunks, 0 poi chunks in world 'world' in 0.00s
[22:11:50] [Server thread/INFO]: [ChunkHolderManager] Waiting 60s for chunk I/O to halt for world 'world'
[22:11:50] [Server thread/INFO]: [ChunkHolderManager] Halted I/O scheduler for world 'world'
[22:11:50] [Server thread/INFO]: Saving chunks for level 'ServerLevel[world_nether]'/minecraft:the_nether
[22:11:50] [Server thread/INFO]: [ChunkHolderManager] Waiting 60s for chunk system to halt for world 'world_nether'
[22:11:50] [Server thread/INFO]: [ChunkHolderManager] Halted chunk system for world 'world_nether'
[22:11:50] [Server thread/INFO]: [ChunkHolderManager] Saving all chunkholders for world 'world_nether'
[22:11:50] [Server thread/INFO]: [ChunkHolderManager] Saved 0 block chunks, 0 entity chunks, 0 poi chunks in world 'world_nether' in 0.00s
[22:11:50] [Server thread/INFO]: [ChunkHolderManager] Waiting 60s for chunk I/O to halt for world 'world_nether'
[22:11:50] [Server thread/INFO]: [ChunkHolderManager] Halted I/O scheduler for world 'world_nether'
[22:11:50] [Server thread/INFO]: Saving chunks for level 'ServerLevel[world_the_end]'/minecraft:the_end
[22:11:50] [Server thread/INFO]: [ChunkHolderManager] Waiting 60s for chunk system to halt for world 'world_the_end'
[22:11:50] [Server thread/INFO]: [ChunkHolderManager] Halted chunk system for world 'world_the_end'
[22:11:50] [Server thread/INFO]: [ChunkHolderManager] Saving all chunkholders for world 'world_the_end'
[22:11:50] [Server thread/INFO]: [ChunkHolderManager] Saved 0 block chunks, 0 entity chunks, 0 poi chunks in world 'world_the_end' in 0.00s
[22:11:50] [Server thread/INFO]: [ChunkHolderManager] Waiting 60s for chunk I/O to halt for world 'world_the_end'
[22:11:50] [Server thread/INFO]: [ChunkHolderManager] Halted I/O scheduler for world 'world_the_end'
[22:11:50] [Server thread/INFO]: Saving chunks for level 'ServerLevel[QueenBeeWorld]'/worlds:queenbeeworld
[22:11:50] [Server thread/INFO]: [ChunkHolderManager] Waiting 60s for chunk system to halt for world 'QueenBeeWorld'
[22:11:50] [Server thread/INFO]: [ChunkHolderManager] Halted chunk system for world 'QueenBeeWorld'
[22:11:50] [Server thread/INFO]: [ChunkHolderManager] Saving all chunkholders for world 'QueenBeeWorld'
[22:11:50] [Server thread/INFO]: [ChunkHolderManager] Saved 0 block chunks, 0 entity chunks, 0 poi chunks in world 'QueenBeeWorld' in 0.00s
[22:11:50] [Server thread/INFO]: [ChunkHolderManager] Waiting 60s for chunk I/O to halt for world 'QueenBeeWorld'
[22:11:50] [Server thread/INFO]: [ChunkHolderManager] Halted I/O scheduler for world 'QueenBeeWorld'
[22:11:50] [Server thread/INFO]: Saving chunks for level 'ServerLevel[spawn]'/worlds:spawn
[22:11:50] [Server thread/INFO]: [ChunkHolderManager] Waiting 60s for chunk system to halt for world 'spawn'
[22:11:50] [Server thread/INFO]: [ChunkHolderManager] Halted chunk system for world 'spawn'
[22:11:50] [Server thread/INFO]: [ChunkHolderManager] Saving all chunkholders for world 'spawn'
[22:11:51] [Server thread/INFO]: [ChunkHolderManager] Saved 409 block chunks, 409 entity chunks, 0 poi chunks in world 'spawn' in 0.57s
[22:11:51] [Server thread/INFO]: [ChunkHolderManager] Waiting 60s for chunk I/O to halt for world 'spawn'
[22:11:51] [Server thread/INFO]: [ChunkHolderManager] Halted I/O scheduler for world 'spawn'
[22:11:51] [Server thread/INFO]: ThreadedAnvilChunkStorage (world): All chunks are saved
[22:11:51] [Server thread/INFO]: ThreadedAnvilChunkStorage (DIM-1): All chunks are saved
[22:11:51] [Server thread/INFO]: ThreadedAnvilChunkStorage (DIM1): All chunks are saved
[22:11:51] [Server thread/INFO]: ThreadedAnvilChunkStorage (QueenBeeWorld): All chunks are saved
[22:11:51] [Server thread/INFO]: ThreadedAnvilChunkStorage (spawn): All chunks are saved
[22:11:51] [Server thread/INFO]: ThreadedAnvilChunkStorage: All dimensions are saved
[22:11:51] [Server thread/INFO]: Waiting for I/O tasks to complete...
[22:11:51] [Server thread/INFO]: All I/O tasks to complete
[22:11:51] [Server thread/INFO]: [MoonriseCommon] Awaiting termination of worker pool for up to 60s...
[22:11:51] [Server thread/INFO]: [MoonriseCommon] Awaiting termination of I/O pool for up to 60s...
